[2025-11-10 10:49:08.736] [global] [info] [git_source_control.cc:517] Computing merge base between 1093ed5a8e3cfb361709a30fcbc259f822505b5d and 4ec31c918f9be377db5d9f63e3356867d6340745
[2025-11-10 10:49:08.742] [global] [info] [git_source_control.cc:519] Resolved divergent commit as f4cb8fec9afe55adde8ee3d313e091e1f2a445dc
[2025-11-10 10:49:08.793] [global] [info] [cache.cc:974] [monitor] [trufflehog:lint:testGemini.js:HEAD] running linter (cache-key:adbae2f1d03798a4cafe0b06e45976da)
[2025-11-10 10:49:10.487] [global] [warning] [resolve_binary.cc:46] is_regular_file check failed for for C:\Users\222417961\AppData\Local\trunk\tools\trufflehog\3.90.13-e46740766b963854c2ebadfd212340f3/bin\python3.bat // 3:The system cannot find the path specified.
[2025-11-10 10:49:10.487] [global] [warning] [resolve_binary.cc:46] is_regular_file check failed for for C:\Users\222417961\AppData\Local\trunk\tools\trufflehog\3.90.13-e46740766b963854c2ebadfd212340f3/bin\python3 // 3:The system cannot find the path specified.
[2025-11-10 10:49:10.487] [global] [warning] [resolve_binary.cc:46] is_regular_file check failed for for C:\Users\222417961\AppData\Local\trunk\tools\trufflehog\3.90.13-e46740766b963854c2ebadfd212340f3/bin\python3.exe // 3:The system cannot find the path specified.
[2025-11-10 10:49:10.487] [global] [warning] [resolve_binary.cc:46] is_regular_file check failed for for C:\Users\222417961\AppData\Local\trunk\tools\trufflehog\3.90.13-e46740766b963854c2ebadfd212340f3/Scripts\python3.bat // 3:The system cannot find the path specified.
[2025-11-10 10:49:10.487] [global] [warning] [resolve_binary.cc:46] is_regular_file check failed for for C:\Users\222417961\AppData\Local\trunk\tools\trufflehog\3.90.13-e46740766b963854c2ebadfd212340f3/Scripts\python3 // 3:The system cannot find the path specified.
[2025-11-10 10:49:10.487] [global] [warning] [resolve_binary.cc:46] is_regular_file check failed for for C:\Users\222417961\AppData\Local\trunk\tools\trufflehog\3.90.13-e46740766b963854c2ebadfd212340f3/Scripts\python3.exe // 3:The system cannot find the path specified.
[2025-11-10 10:49:10.488] [global] [warning] [resolve_binary.cc:46] is_regular_file check failed for for C:\Users\222417961\AppData\Local\trunk\tools\python\3.10.8-2211cb108575de2785d77a26a1f8d070/bin\python3.bat // 3:The system cannot find the path specified.
[2025-11-10 10:49:10.488] [global] [warning] [resolve_binary.cc:46] is_regular_file check failed for for C:\Users\222417961\AppData\Local\trunk\tools\python\3.10.8-2211cb108575de2785d77a26a1f8d070/bin\python3 // 3:The system cannot find the path specified.
[2025-11-10 10:49:10.488] [global] [warning] [resolve_binary.cc:46] is_regular_file check failed for for C:\Users\222417961\AppData\Local\trunk\tools\python\3.10.8-2211cb108575de2785d77a26a1f8d070/bin\python3.exe // 3:The system cannot find the path specified.
[2025-11-10 10:49:10.539] [global] [info] [cache.cc:1117] [monitor] [trufflehog:lint:testGemini.js:HEAD] Linter ran in 1745ms
[2025-11-10 10:54:21.205] [global] [info] [git_source_control.cc:517] Computing merge base between 1093ed5a8e3cfb361709a30fcbc259f822505b5d and 4ec31c918f9be377db5d9f63e3356867d6340745
[2025-11-10 10:54:21.207] [global] [info] [git_source_control.cc:519] Resolved divergent commit as f4cb8fec9afe55adde8ee3d313e091e1f2a445dc
[2025-11-10 10:54:21.273] [global] [info] [cache.cc:974] [monitor] [trufflehog:lint:config\Gemini.js:HEAD] running linter (cache-key:e24a7e4ba9e4a930e5da0a4afb0b051e)
[2025-11-10 10:54:22.972] [global] [warning] [resolve_binary.cc:46] is_regular_file check failed for for C:\Users\222417961\AppData\Local\trunk\tools\trufflehog\3.90.13-e46740766b963854c2ebadfd212340f3/bin\python3.bat // 3:The system cannot find the path specified.
[2025-11-10 10:54:22.972] [global] [warning] [resolve_binary.cc:46] is_regular_file check failed for for C:\Users\222417961\AppData\Local\trunk\tools\trufflehog\3.90.13-e46740766b963854c2ebadfd212340f3/bin\python3 // 3:The system cannot find the path specified.
[2025-11-10 10:54:22.972] [global] [warning] [resolve_binary.cc:46] is_regular_file check failed for for C:\Users\222417961\AppData\Local\trunk\tools\trufflehog\3.90.13-e46740766b963854c2ebadfd212340f3/bin\python3.exe // 3:The system cannot find the path specified.
[2025-11-10 10:54:22.972] [global] [warning] [resolve_binary.cc:46] is_regular_file check failed for for C:\Users\222417961\AppData\Local\trunk\tools\trufflehog\3.90.13-e46740766b963854c2ebadfd212340f3/Scripts\python3.bat // 3:The system cannot find the path specified.
[2025-11-10 10:54:22.972] [global] [warning] [resolve_binary.cc:46] is_regular_file check failed for for C:\Users\222417961\AppData\Local\trunk\tools\trufflehog\3.90.13-e46740766b963854c2ebadfd212340f3/Scripts\python3 // 3:The system cannot find the path specified.
[2025-11-10 10:54:22.972] [global] [warning] [resolve_binary.cc:46] is_regular_file check failed for for C:\Users\222417961\AppData\Local\trunk\tools\trufflehog\3.90.13-e46740766b963854c2ebadfd212340f3/Scripts\python3.exe // 3:The system cannot find the path specified.
[2025-11-10 10:54:22.972] [global] [warning] [resolve_binary.cc:46] is_regular_file check failed for for C:\Users\222417961\AppData\Local\trunk\tools\python\3.10.8-2211cb108575de2785d77a26a1f8d070/bin\python3.bat // 3:The system cannot find the path specified.
[2025-11-10 10:54:22.972] [global] [warning] [resolve_binary.cc:46] is_regular_file check failed for for C:\Users\222417961\AppData\Local\trunk\tools\python\3.10.8-2211cb108575de2785d77a26a1f8d070/bin\python3 // 3:The system cannot find the path specified.
[2025-11-10 10:54:22.972] [global] [warning] [resolve_binary.cc:46] is_regular_file check failed for for C:\Users\222417961\AppData\Local\trunk\tools\python\3.10.8-2211cb108575de2785d77a26a1f8d070/bin\python3.exe // 3:The system cannot find the path specified.
[2025-11-10 10:54:23.020] [global] [info] [cache.cc:1117] [monitor] [trufflehog:lint:config\Gemini.js:HEAD] Linter ran in 1746ms
[2025-11-10 10:56:04.572] [global] [info] [git_source_control.cc:517] Computing merge base between 1093ed5a8e3cfb361709a30fcbc259f822505b5d and 4ec31c918f9be377db5d9f63e3356867d6340745
[2025-11-10 10:56:04.572] [global] [info] [git_source_control.cc:519] Resolved divergent commit as f4cb8fec9afe55adde8ee3d313e091e1f2a445dc
[2025-11-10 10:56:04.626] [global] [info] [cache.cc:974] [monitor] [trufflehog:lint:config\Gemini.js:HEAD] running linter (cache-key:856be2c5503115ba8ad258da32b3b8ac)
[2025-11-10 10:56:06.430] [global] [warning] [resolve_binary.cc:46] is_regular_file check failed for for C:\Users\222417961\AppData\Local\trunk\tools\trufflehog\3.90.13-e46740766b963854c2ebadfd212340f3/bin\python3.bat // 3:The system cannot find the path specified.
[2025-11-10 10:56:06.430] [global] [warning] [resolve_binary.cc:46] is_regular_file check failed for for C:\Users\222417961\AppData\Local\trunk\tools\trufflehog\3.90.13-e46740766b963854c2ebadfd212340f3/bin\python3 // 3:The system cannot find the path specified.
[2025-11-10 10:56:06.430] [global] [warning] [resolve_binary.cc:46] is_regular_file check failed for for C:\Users\222417961\AppData\Local\trunk\tools\trufflehog\3.90.13-e46740766b963854c2ebadfd212340f3/bin\python3.exe // 3:The system cannot find the path specified.
[2025-11-10 10:56:06.430] [global] [warning] [resolve_binary.cc:46] is_regular_file check failed for for C:\Users\222417961\AppData\Local\trunk\tools\trufflehog\3.90.13-e46740766b963854c2ebadfd212340f3/Scripts\python3.bat // 3:The system cannot find the path specified.
[2025-11-10 10:56:06.430] [global] [warning] [resolve_binary.cc:46] is_regular_file check failed for for C:\Users\222417961\AppData\Local\trunk\tools\trufflehog\3.90.13-e46740766b963854c2ebadfd212340f3/Scripts\python3 // 3:The system cannot find the path specified.
[2025-11-10 10:56:06.430] [global] [warning] [resolve_binary.cc:46] is_regular_file check failed for for C:\Users\222417961\AppData\Local\trunk\tools\trufflehog\3.90.13-e46740766b963854c2ebadfd212340f3/Scripts\python3.exe // 3:The system cannot find the path specified.
[2025-11-10 10:56:06.430] [global] [warning] [resolve_binary.cc:46] is_regular_file check failed for for C:\Users\222417961\AppData\Local\trunk\tools\python\3.10.8-2211cb108575de2785d77a26a1f8d070/bin\python3.bat // 3:The system cannot find the path specified.
[2025-11-10 10:56:06.430] [global] [warning] [resolve_binary.cc:46] is_regular_file check failed for for C:\Users\222417961\AppData\Local\trunk\tools\python\3.10.8-2211cb108575de2785d77a26a1f8d070/bin\python3 // 3:The system cannot find the path specified.
[2025-11-10 10:56:06.430] [global] [warning] [resolve_binary.cc:46] is_regular_file check failed for for C:\Users\222417961\AppData\Local\trunk\tools\python\3.10.8-2211cb108575de2785d77a26a1f8d070/bin\python3.exe // 3:The system cannot find the path specified.
[2025-11-10 10:56:06.479] [global] [info] [cache.cc:1117] [monitor] [trufflehog:lint:config\Gemini.js:HEAD] Linter ran in 1852ms
[2025-11-10 11:28:51.739] [global] [info] [git_source_control.cc:517] Computing merge base between 1093ed5a8e3cfb361709a30fcbc259f822505b5d and 4ec31c918f9be377db5d9f63e3356867d6340745
[2025-11-10 11:28:51.755] [global] [info] [git_source_control.cc:519] Resolved divergent commit as f4cb8fec9afe55adde8ee3d313e091e1f2a445dc
[2025-11-10 11:28:51.811] [global] [info] [cache.cc:974] [monitor] [trufflehog:lint:config\Gemini.js:HEAD] running linter (cache-key:325a4e332f81231a3d2c09be4e4ac86f)
[2025-11-10 11:28:53.628] [global] [warning] [resolve_binary.cc:46] is_regular_file check failed for for C:\Users\222417961\AppData\Local\trunk\tools\trufflehog\3.90.13-e46740766b963854c2ebadfd212340f3/bin\python3.bat // 3:The system cannot find the path specified.
[2025-11-10 11:28:53.628] [global] [warning] [resolve_binary.cc:46] is_regular_file check failed for for C:\Users\222417961\AppData\Local\trunk\tools\trufflehog\3.90.13-e46740766b963854c2ebadfd212340f3/bin\python3 // 3:The system cannot find the path specified.
[2025-11-10 11:28:53.628] [global] [warning] [resolve_binary.cc:46] is_regular_file check failed for for C:\Users\222417961\AppData\Local\trunk\tools\trufflehog\3.90.13-e46740766b963854c2ebadfd212340f3/bin\python3.exe // 3:The system cannot find the path specified.
[2025-11-10 11:28:53.628] [global] [warning] [resolve_binary.cc:46] is_regular_file check failed for for C:\Users\222417961\AppData\Local\trunk\tools\trufflehog\3.90.13-e46740766b963854c2ebadfd212340f3/Scripts\python3.bat // 3:The system cannot find the path specified.
[2025-11-10 11:28:53.628] [global] [warning] [resolve_binary.cc:46] is_regular_file check failed for for C:\Users\222417961\AppData\Local\trunk\tools\trufflehog\3.90.13-e46740766b963854c2ebadfd212340f3/Scripts\python3 // 3:The system cannot find the path specified.
[2025-11-10 11:28:53.628] [global] [warning] [resolve_binary.cc:46] is_regular_file check failed for for C:\Users\222417961\AppData\Local\trunk\tools\trufflehog\3.90.13-e46740766b963854c2ebadfd212340f3/Scripts\python3.exe // 3:The system cannot find the path specified.
[2025-11-10 11:28:53.628] [global] [warning] [resolve_binary.cc:46] is_regular_file check failed for for C:\Users\222417961\AppData\Local\trunk\tools\python\3.10.8-2211cb108575de2785d77a26a1f8d070/bin\python3.bat // 3:The system cannot find the path specified.
[2025-11-10 11:28:53.628] [global] [warning] [resolve_binary.cc:46] is_regular_file check failed for for C:\Users\222417961\AppData\Local\trunk\tools\python\3.10.8-2211cb108575de2785d77a26a1f8d070/bin\python3 // 3:The system cannot find the path specified.
[2025-11-10 11:28:53.628] [global] [warning] [resolve_binary.cc:46] is_regular_file check failed for for C:\Users\222417961\AppData\Local\trunk\tools\python\3.10.8-2211cb108575de2785d77a26a1f8d070/bin\python3.exe // 3:The system cannot find the path specified.
[2025-11-10 11:28:54.120] [global] [info] [cache.cc:1117] [monitor] [trufflehog:lint:config\Gemini.js:HEAD] Linter ran in 2308ms
[2025-11-10 11:39:03.910] [global] [info] [git_source_control.cc:517] Computing merge base between 1093ed5a8e3cfb361709a30fcbc259f822505b5d and 4ec31c918f9be377db5d9f63e3356867d6340745
[2025-11-10 11:39:03.911] [global] [info] [git_source_control.cc:519] Resolved divergent commit as f4cb8fec9afe55adde8ee3d313e091e1f2a445dc
[2025-11-10 11:39:03.941] [global] [info] [cache.cc:974] [monitor] [trufflehog:lint:middlewares\CheckVerificationStatus.js:HEAD] running linter (cache-key:17472e25153cededce0efc01b9428d3b)
[2025-11-10 11:39:04.424] [global] [info] [git_source_control.cc:517] Computing merge base between 1093ed5a8e3cfb361709a30fcbc259f822505b5d and 4ec31c918f9be377db5d9f63e3356867d6340745
[2025-11-10 11:39:04.425] [global] [info] [git_source_control.cc:519] Resolved divergent commit as f4cb8fec9afe55adde8ee3d313e091e1f2a445dc
[2025-11-10 11:39:04.476] [global] [info] [cache.cc:974] [monitor] [trufflehog:lint:middlewares\CheckVerificationStatus.js:HEAD] running linter (cache-key:17472e25153cededce0efc01b9428d3b)
[2025-11-10 11:39:04.483] [global] [info] [cache.cc:939] Unable to deserialize [monitor] [trufflehog:lint:middlewares\auth.js:HEAD], removing from cache
[2025-11-10 11:39:04.483] [global] [info] [cache.cc:974] [monitor] [trufflehog:lint:middlewares\auth.js:HEAD] running linter (cache-key:3dcb98122e17717dae1c06ecd0b6edb3)
[2025-11-10 11:39:04.484] [global] [info] [cache.cc:939] Unable to deserialize [monitor] [trufflehog:lint:middlewares\authenticateToken.js:HEAD], removing from cache
[2025-11-10 11:39:04.484] [global] [info] [cache.cc:974] [monitor] [trufflehog:lint:middlewares\authenticateToken.js:HEAD] running linter (cache-key:bfe1305d8b9d733af9cee11aae91994f)
[2025-11-10 11:39:04.485] [global] [info] [cache.cc:939] Unable to deserialize [monitor] [trufflehog:lint:middlewares\checkSuspended.js:HEAD], removing from cache
[2025-11-10 11:39:04.485] [global] [info] [cache.cc:974] [monitor] [trufflehog:lint:middlewares\checkSuspended.js:HEAD] running linter (cache-key:5cb3f1fd3b0b5fe0857f19cd6db6a355)
[2025-11-10 11:39:04.486] [global] [info] [cache.cc:939] Unable to deserialize [monitor] [trufflehog:lint:middlewares\cron.js:HEAD], removing from cache
[2025-11-10 11:39:04.486] [global] [info] [cache.cc:974] [monitor] [trufflehog:lint:middlewares\cron.js:HEAD] running linter (cache-key:fae1cafe058ed1fcaf93a3bc56edcfba)
[2025-11-10 11:39:06.250] [global] [warning] [resolve_binary.cc:46] is_regular_file check failed for for C:\Users\222417961\AppData\Local\trunk\tools\trufflehog\3.90.13-e46740766b963854c2ebadfd212340f3/bin\python3.bat // 3:The system cannot find the path specified.
[2025-11-10 11:39:06.250] [global] [warning] [resolve_binary.cc:46] is_regular_file check failed for for C:\Users\222417961\AppData\Local\trunk\tools\trufflehog\3.90.13-e46740766b963854c2ebadfd212340f3/bin\python3 // 3:The system cannot find the path specified.
[2025-11-10 11:39:06.250] [global] [warning] [resolve_binary.cc:46] is_regular_file check failed for for C:\Users\222417961\AppData\Local\trunk\tools\trufflehog\3.90.13-e46740766b963854c2ebadfd212340f3/bin\python3.exe // 3:The system cannot find the path specified.
[2025-11-10 11:39:06.250] [global] [warning] [resolve_binary.cc:46] is_regular_file check failed for for C:\Users\222417961\AppData\Local\trunk\tools\trufflehog\3.90.13-e46740766b963854c2ebadfd212340f3/Scripts\python3.bat // 3:The system cannot find the path specified.
[2025-11-10 11:39:06.250] [global] [warning] [resolve_binary.cc:46] is_regular_file check failed for for C:\Users\222417961\AppData\Local\trunk\tools\trufflehog\3.90.13-e46740766b963854c2ebadfd212340f3/Scripts\python3 // 3:The system cannot find the path specified.
[2025-11-10 11:39:06.250] [global] [warning] [resolve_binary.cc:46] is_regular_file check failed for for C:\Users\222417961\AppData\Local\trunk\tools\trufflehog\3.90.13-e46740766b963854c2ebadfd212340f3/Scripts\python3.exe // 3:The system cannot find the path specified.
[2025-11-10 11:39:06.250] [global] [warning] [resolve_binary.cc:46] is_regular_file check failed for for C:\Users\222417961\AppData\Local\trunk\tools\python\3.10.8-2211cb108575de2785d77a26a1f8d070/bin\python3.bat // 3:The system cannot find the path specified.
[2025-11-10 11:39:06.250] [global] [warning] [resolve_binary.cc:46] is_regular_file check failed for for C:\Users\222417961\AppData\Local\trunk\tools\python\3.10.8-2211cb108575de2785d77a26a1f8d070/bin\python3 // 3:The system cannot find the path specified.
[2025-11-10 11:39:06.250] [global] [warning] [resolve_binary.cc:46] is_regular_file check failed for for C:\Users\222417961\AppData\Local\trunk\tools\python\3.10.8-2211cb108575de2785d77a26a1f8d070/bin\python3.exe // 3:The system cannot find the path specified.
[2025-11-10 11:39:06.301] [global] [info] [cache.cc:1117] [monitor] [trufflehog:lint:middlewares\CheckVerificationStatus.js... (5 files):HEAD] Linter ran in 1812ms
[2025-11-10 11:39:14.113] [global] [info] [git_source_control.cc:517] Computing merge base between 1093ed5a8e3cfb361709a30fcbc259f822505b5d and 4ec31c918f9be377db5d9f63e3356867d6340745
[2025-11-10 11:39:14.114] [global] [info] [git_source_control.cc:519] Resolved divergent commit as f4cb8fec9afe55adde8ee3d313e091e1f2a445dc
[2025-11-10 11:39:14.159] [global] [info] [cache.cc:974] [monitor] [trufflehog:lint:middlewares\CheckVerificationStatus.js:HEAD] running linter (cache-key:8c6eabe3c39993349b2e3fb7583431c8)
[2025-11-10 11:39:15.877] [global] [warning] [resolve_binary.cc:46] is_regular_file check failed for for C:\Users\222417961\AppData\Local\trunk\tools\trufflehog\3.90.13-e46740766b963854c2ebadfd212340f3/bin\python3.bat // 3:The system cannot find the path specified.
[2025-11-10 11:39:15.877] [global] [warning] [resolve_binary.cc:46] is_regular_file check failed for for C:\Users\222417961\AppData\Local\trunk\tools\trufflehog\3.90.13-e46740766b963854c2ebadfd212340f3/bin\python3 // 3:The system cannot find the path specified.
[2025-11-10 11:39:15.877] [global] [warning] [resolve_binary.cc:46] is_regular_file check failed for for C:\Users\222417961\AppData\Local\trunk\tools\trufflehog\3.90.13-e46740766b963854c2ebadfd212340f3/bin\python3.exe // 3:The system cannot find the path specified.
[2025-11-10 11:39:15.877] [global] [warning] [resolve_binary.cc:46] is_regular_file check failed for for C:\Users\222417961\AppData\Local\trunk\tools\trufflehog\3.90.13-e46740766b963854c2ebadfd212340f3/Scripts\python3.bat // 3:The system cannot find the path specified.
[2025-11-10 11:39:15.877] [global] [warning] [resolve_binary.cc:46] is_regular_file check failed for for C:\Users\222417961\AppData\Local\trunk\tools\trufflehog\3.90.13-e46740766b963854c2ebadfd212340f3/Scripts\python3 // 3:The system cannot find the path specified.
[2025-11-10 11:39:15.877] [global] [warning] [resolve_binary.cc:46] is_regular_file check failed for for C:\Users\222417961\AppData\Local\trunk\tools\trufflehog\3.90.13-e46740766b963854c2ebadfd212340f3/Scripts\python3.exe // 3:The system cannot find the path specified.
[2025-11-10 11:39:15.877] [global] [warning] [resolve_binary.cc:46] is_regular_file check failed for for C:\Users\222417961\AppData\Local\trunk\tools\python\3.10.8-2211cb108575de2785d77a26a1f8d070/bin\python3.bat // 3:The system cannot find the path specified.
[2025-11-10 11:39:15.877] [global] [warning] [resolve_binary.cc:46] is_regular_file check failed for for C:\Users\222417961\AppData\Local\trunk\tools\python\3.10.8-2211cb108575de2785d77a26a1f8d070/bin\python3 // 3:The system cannot find the path specified.
[2025-11-10 11:39:15.877] [global] [warning] [resolve_binary.cc:46] is_regular_file check failed for for C:\Users\222417961\AppData\Local\trunk\tools\python\3.10.8-2211cb108575de2785d77a26a1f8d070/bin\python3.exe // 3:The system cannot find the path specified.
[2025-11-10 11:39:15.925] [global] [info] [cache.cc:1117] [monitor] [trufflehog:lint:middlewares\CheckVerificationStatus.js:HEAD] Linter ran in 1765ms
[2025-11-10 11:39:37.506] [global] [info] [git_source_control.cc:517] Computing merge base between 1093ed5a8e3cfb361709a30fcbc259f822505b5d and 4ec31c918f9be377db5d9f63e3356867d6340745
[2025-11-10 11:39:37.507] [global] [info] [git_source_control.cc:519] Resolved divergent commit as f4cb8fec9afe55adde8ee3d313e091e1f2a445dc
[2025-11-10 11:39:37.569] [global] [info] [cache.cc:974] [monitor] [trufflehog:lint:middlewares\CheckVerificationStatus.js:HEAD] running linter (cache-key:e9aee552caea3cc42353773219ef3861)
[2025-11-10 11:39:39.251] [global] [warning] [resolve_binary.cc:46] is_regular_file check failed for for C:\Users\222417961\AppData\Local\trunk\tools\trufflehog\3.90.13-e46740766b963854c2ebadfd212340f3/bin\python3.bat // 3:The system cannot find the path specified.
[2025-11-10 11:39:39.251] [global] [warning] [resolve_binary.cc:46] is_regular_file check failed for for C:\Users\222417961\AppData\Local\trunk\tools\trufflehog\3.90.13-e46740766b963854c2ebadfd212340f3/bin\python3 // 3:The system cannot find the path specified.
[2025-11-10 11:39:39.251] [global] [warning] [resolve_binary.cc:46] is_regular_file check failed for for C:\Users\222417961\AppData\Local\trunk\tools\trufflehog\3.90.13-e46740766b963854c2ebadfd212340f3/bin\python3.exe // 3:The system cannot find the path specified.
[2025-11-10 11:39:39.251] [global] [warning] [resolve_binary.cc:46] is_regular_file check failed for for C:\Users\222417961\AppData\Local\trunk\tools\trufflehog\3.90.13-e46740766b963854c2ebadfd212340f3/Scripts\python3.bat // 3:The system cannot find the path specified.
[2025-11-10 11:39:39.251] [global] [warning] [resolve_binary.cc:46] is_regular_file check failed for for C:\Users\222417961\AppData\Local\trunk\tools\trufflehog\3.90.13-e46740766b963854c2ebadfd212340f3/Scripts\python3 // 3:The system cannot find the path specified.
[2025-11-10 11:39:39.251] [global] [warning] [resolve_binary.cc:46] is_regular_file check failed for for C:\Users\222417961\AppData\Local\trunk\tools\trufflehog\3.90.13-e46740766b963854c2ebadfd212340f3/Scripts\python3.exe // 3:The system cannot find the path specified.
[2025-11-10 11:39:39.251] [global] [warning] [resolve_binary.cc:46] is_regular_file check failed for for C:\Users\222417961\AppData\Local\trunk\tools\python\3.10.8-2211cb108575de2785d77a26a1f8d070/bin\python3.bat // 3:The system cannot find the path specified.
[2025-11-10 11:39:39.251] [global] [warning] [resolve_binary.cc:46] is_regular_file check failed for for C:\Users\222417961\AppData\Local\trunk\tools\python\3.10.8-2211cb108575de2785d77a26a1f8d070/bin\python3 // 3:The system cannot find the path specified.
[2025-11-10 11:39:39.251] [global] [warning] [resolve_binary.cc:46] is_regular_file check failed for for C:\Users\222417961\AppData\Local\trunk\tools\python\3.10.8-2211cb108575de2785d77a26a1f8d070/bin\python3.exe // 3:The system cannot find the path specified.
[2025-11-10 11:39:39.298] [global] [info] [cache.cc:1117] [monitor] [trufflehog:lint:middlewares\CheckVerificationStatus.js:HEAD] Linter ran in 1728ms
[2025-11-10 11:40:25.248] [global] [info] [git_source_control.cc:517] Computing merge base between 1093ed5a8e3cfb361709a30fcbc259f822505b5d and 4ec31c918f9be377db5d9f63e3356867d6340745
[2025-11-10 11:40:25.248] [global] [info] [git_source_control.cc:519] Resolved divergent commit as f4cb8fec9afe55adde8ee3d313e091e1f2a445dc
[2025-11-10 11:40:25.290] [global] [info] [cache.cc:974] [monitor] [trufflehog:lint:middlewares\CheckVerificationStatus.js:HEAD] running linter (cache-key:b19515fc415775a1b253e55d3d73e771)
[2025-11-10 11:40:27.008] [global] [warning] [resolve_binary.cc:46] is_regular_file check failed for for C:\Users\222417961\AppData\Local\trunk\tools\trufflehog\3.90.13-e46740766b963854c2ebadfd212340f3/bin\python3.bat // 3:The system cannot find the path specified.
[2025-11-10 11:40:27.008] [global] [warning] [resolve_binary.cc:46] is_regular_file check failed for for C:\Users\222417961\AppData\Local\trunk\tools\trufflehog\3.90.13-e46740766b963854c2ebadfd212340f3/bin\python3 // 3:The system cannot find the path specified.
[2025-11-10 11:40:27.008] [global] [warning] [resolve_binary.cc:46] is_regular_file check failed for for C:\Users\222417961\AppData\Local\trunk\tools\trufflehog\3.90.13-e46740766b963854c2ebadfd212340f3/bin\python3.exe // 3:The system cannot find the path specified.
[2025-11-10 11:40:27.008] [global] [warning] [resolve_binary.cc:46] is_regular_file check failed for for C:\Users\222417961\AppData\Local\trunk\tools\trufflehog\3.90.13-e46740766b963854c2ebadfd212340f3/Scripts\python3.bat // 3:The system cannot find the path specified.
[2025-11-10 11:40:27.008] [global] [warning] [resolve_binary.cc:46] is_regular_file check failed for for C:\Users\222417961\AppData\Local\trunk\tools\trufflehog\3.90.13-e46740766b963854c2ebadfd212340f3/Scripts\python3 // 3:The system cannot find the path specified.
[2025-11-10 11:40:27.009] [global] [warning] [resolve_binary.cc:46] is_regular_file check failed for for C:\Users\222417961\AppData\Local\trunk\tools\trufflehog\3.90.13-e46740766b963854c2ebadfd212340f3/Scripts\python3.exe // 3:The system cannot find the path specified.
[2025-11-10 11:40:27.009] [global] [warning] [resolve_binary.cc:46] is_regular_file check failed for for C:\Users\222417961\AppData\Local\trunk\tools\python\3.10.8-2211cb108575de2785d77a26a1f8d070/bin\python3.bat // 3:The system cannot find the path specified.
[2025-11-10 11:40:27.009] [global] [warning] [resolve_binary.cc:46] is_regular_file check failed for for C:\Users\222417961\AppData\Local\trunk\tools\python\3.10.8-2211cb108575de2785d77a26a1f8d070/bin\python3 // 3:The system cannot find the path specified.
[2025-11-10 11:40:27.009] [global] [warning] [resolve_binary.cc:46] is_regular_file check failed for for C:\Users\222417961\AppData\Local\trunk\tools\python\3.10.8-2211cb108575de2785d77a26a1f8d070/bin\python3.exe // 3:The system cannot find the path specified.
[2025-11-10 11:40:27.056] [global] [info] [cache.cc:1117] [monitor] [trufflehog:lint:middlewares\CheckVerificationStatus.js:HEAD] Linter ran in 1765ms
[2025-11-10 11:40:33.254] [global] [info] [git_source_control.cc:517] Computing merge base between 1093ed5a8e3cfb361709a30fcbc259f822505b5d and 4ec31c918f9be377db5d9f63e3356867d6340745
[2025-11-10 11:40:33.255] [global] [info] [git_source_control.cc:519] Resolved divergent commit as f4cb8fec9afe55adde8ee3d313e091e1f2a445dc
[2025-11-10 11:40:33.308] [global] [info] [cache.cc:974] [monitor] [trufflehog:lint:middlewares\CheckVerificationStatus.js:HEAD] running linter (cache-key:36042e988d7be0175aa4d02bab8c1bc9)
[2025-11-10 11:40:35.045] [global] [warning] [resolve_binary.cc:46] is_regular_file check failed for for C:\Users\222417961\AppData\Local\trunk\tools\trufflehog\3.90.13-e46740766b963854c2ebadfd212340f3/bin\python3.bat // 3:The system cannot find the path specified.
[2025-11-10 11:40:35.045] [global] [warning] [resolve_binary.cc:46] is_regular_file check failed for for C:\Users\222417961\AppData\Local\trunk\tools\trufflehog\3.90.13-e46740766b963854c2ebadfd212340f3/bin\python3 // 3:The system cannot find the path specified.
[2025-11-10 11:40:35.045] [global] [warning] [resolve_binary.cc:46] is_regular_file check failed for for C:\Users\222417961\AppData\Local\trunk\tools\trufflehog\3.90.13-e46740766b963854c2ebadfd212340f3/bin\python3.exe // 3:The system cannot find the path specified.
[2025-11-10 11:40:35.045] [global] [warning] [resolve_binary.cc:46] is_regular_file check failed for for C:\Users\222417961\AppData\Local\trunk\tools\trufflehog\3.90.13-e46740766b963854c2ebadfd212340f3/Scripts\python3.bat // 3:The system cannot find the path specified.
[2025-11-10 11:40:35.045] [global] [warning] [resolve_binary.cc:46] is_regular_file check failed for for C:\Users\222417961\AppData\Local\trunk\tools\trufflehog\3.90.13-e46740766b963854c2ebadfd212340f3/Scripts\python3 // 3:The system cannot find the path specified.
[2025-11-10 11:40:35.045] [global] [warning] [resolve_binary.cc:46] is_regular_file check failed for for C:\Users\222417961\AppData\Local\trunk\tools\trufflehog\3.90.13-e46740766b963854c2ebadfd212340f3/Scripts\python3.exe // 3:The system cannot find the path specified.
[2025-11-10 11:40:35.045] [global] [warning] [resolve_binary.cc:46] is_regular_file check failed for for C:\Users\222417961\AppData\Local\trunk\tools\python\3.10.8-2211cb108575de2785d77a26a1f8d070/bin\python3.bat // 3:The system cannot find the path specified.
[2025-11-10 11:40:35.045] [global] [warning] [resolve_binary.cc:46] is_regular_file check failed for for C:\Users\222417961\AppData\Local\trunk\tools\python\3.10.8-2211cb108575de2785d77a26a1f8d070/bin\python3 // 3:The system cannot find the path specified.
[2025-11-10 11:40:35.046] [global] [warning] [resolve_binary.cc:46] is_regular_file check failed for for C:\Users\222417961\AppData\Local\trunk\tools\python\3.10.8-2211cb108575de2785d77a26a1f8d070/bin\python3.exe // 3:The system cannot find the path specified.
[2025-11-10 11:40:35.093] [global] [info] [cache.cc:1117] [monitor] [trufflehog:lint:middlewares\CheckVerificationStatus.js:HEAD] Linter ran in 1784ms
[2025-11-10 11:42:52.418] [global] [info] [runner.cc:154] Executing action trunk-upgrade-available.schedule.1h
[2025-11-10 11:42:52.763] [global] [info] [grpc.cc:22] RX:virtual grpc::Status trunk::cli::UpgradeService::GetAvailableUpgrades(grpc::ServerContext *, const upgrade::proto::v1::GetAvailableUpgradesRequest *, grpc::ServerWriter<upgrade::proto::v1::GetAvailableUpgradesResponse> *)
[2025-11-10 11:42:52.764] [global] [info] [cli_upgrade.cc:85] Checking for latest trunk prod version...
[2025-11-10 11:42:52.765] [global] [info] [plugin_upgrade.cc:71] Querying latest version for plugin trunk
[2025-11-10 11:42:54.301] [global] [info] [release.cc:131] Retrieved 8 linter-version pairs from ReleaseVersionService
[2025-11-10 11:42:54.302] [global] [warning] [resolve_binary.cc:46] is_regular_file check failed for for C:\Users\222417961\AppData\Local\trunk\tools\node\22.16.0-12da8a4c27b144aedaf7d975e067667c/bin\npm.bat // 3:The system cannot find the path specified.
[2025-11-10 11:42:54.302] [global] [warning] [resolve_binary.cc:46] is_regular_file check failed for for C:\Users\222417961\AppData\Local\trunk\tools\node\22.16.0-12da8a4c27b144aedaf7d975e067667c/bin\npm // 3:The system cannot find the path specified.
[2025-11-10 11:42:54.302] [global] [warning] [resolve_binary.cc:46] is_regular_file check failed for for C:\Users\222417961\AppData\Local\trunk\tools\node\22.16.0-12da8a4c27b144aedaf7d975e067667c/bin\npm.exe // 3:The system cannot find the path specified.
[2025-11-10 11:42:54.303] [global] [warning] [resolve_binary.cc:46] is_regular_file check failed for for C:\Users\222417961\AppData\Local\trunk\tools\node\22.16.0-12da8a4c27b144aedaf7d975e067667c/bin\npm.bat // 3:The system cannot find the path specified.
[2025-11-10 11:42:54.303] [global] [warning] [resolve_binary.cc:46] is_regular_file check failed for for C:\Users\222417961\AppData\Local\trunk\tools\node\22.16.0-12da8a4c27b144aedaf7d975e067667c/bin\npm // 3:The system cannot find the path specified.
[2025-11-10 11:42:54.303] [global] [warning] [resolve_binary.cc:46] is_regular_file check failed for for C:\Users\222417961\AppData\Local\trunk\tools\node\22.16.0-12da8a4c27b144aedaf7d975e067667c/bin\npm.exe // 3:The system cannot find the path specified.
[2025-11-10 11:42:54.436] [global] [info] [linter.cc:1791] Found config in plugin repo at C:\Users\222417961\AppData\Local\trunk\plugins\https---github-com-trunk-io-plugins\v1.7.3-4ebadccd80b22638\linters\yamllint\.yamllint.yaml
[2025-11-10 11:42:54.444] [global] [info] [git_source_control.cc:517] Computing merge base between 1093ed5a8e3cfb361709a30fcbc259f822505b5d and 4ec31c918f9be377db5d9f63e3356867d6340745
[2025-11-10 11:42:54.444] [global] [info] [git_source_control.cc:519] Resolved divergent commit as f4cb8fec9afe55adde8ee3d313e091e1f2a445dc
[2025-11-10 11:42:54.487] [global] [info] [cache.cc:974] [monitor] [trufflehog:lint:routes\login.js:HEAD] running linter (cache-key:c3b8f5b893d3ea20450cc6710d674334)
[2025-11-10 11:42:54.604] [global] [info] [cli_upgrade.cc:92] Successfully fetched latest trunk 1.25.0 version: prod
[2025-11-10 11:42:56.252] [global] [warning] [resolve_binary.cc:46] is_regular_file check failed for for C:\Users\222417961\AppData\Local\trunk\tools\trufflehog\3.90.13-e46740766b963854c2ebadfd212340f3/bin\python3.bat // 3:The system cannot find the path specified.
[2025-11-10 11:42:56.252] [global] [warning] [resolve_binary.cc:46] is_regular_file check failed for for C:\Users\222417961\AppData\Local\trunk\tools\trufflehog\3.90.13-e46740766b963854c2ebadfd212340f3/bin\python3 // 3:The system cannot find the path specified.
[2025-11-10 11:42:56.252] [global] [warning] [resolve_binary.cc:46] is_regular_file check failed for for C:\Users\222417961\AppData\Local\trunk\tools\trufflehog\3.90.13-e46740766b963854c2ebadfd212340f3/bin\python3.exe // 3:The system cannot find the path specified.
[2025-11-10 11:42:56.252] [global] [warning] [resolve_binary.cc:46] is_regular_file check failed for for C:\Users\222417961\AppData\Local\trunk\tools\trufflehog\3.90.13-e46740766b963854c2ebadfd212340f3/Scripts\python3.bat // 3:The system cannot find the path specified.
[2025-11-10 11:42:56.252] [global] [warning] [resolve_binary.cc:46] is_regular_file check failed for for C:\Users\222417961\AppData\Local\trunk\tools\trufflehog\3.90.13-e46740766b963854c2ebadfd212340f3/Scripts\python3 // 3:The system cannot find the path specified.
[2025-11-10 11:42:56.252] [global] [warning] [resolve_binary.cc:46] is_regular_file check failed for for C:\Users\222417961\AppData\Local\trunk\tools\trufflehog\3.90.13-e46740766b963854c2ebadfd212340f3/Scripts\python3.exe // 3:The system cannot find the path specified.
[2025-11-10 11:42:56.252] [global] [warning] [resolve_binary.cc:46] is_regular_file check failed for for C:\Users\222417961\AppData\Local\trunk\tools\python\3.10.8-2211cb108575de2785d77a26a1f8d070/bin\python3.bat // 3:The system cannot find the path specified.
[2025-11-10 11:42:56.252] [global] [warning] [resolve_binary.cc:46] is_regular_file check failed for for C:\Users\222417961\AppData\Local\trunk\tools\python\3.10.8-2211cb108575de2785d77a26a1f8d070/bin\python3 // 3:The system cannot find the path specified.
[2025-11-10 11:42:56.252] [global] [warning] [resolve_binary.cc:46] is_regular_file check failed for for C:\Users\222417961\AppData\Local\trunk\tools\python\3.10.8-2211cb108575de2785d77a26a1f8d070/bin\python3.exe // 3:The system cannot find the path specified.
[2025-11-10 11:42:56.302] [global] [info] [cache.cc:1117] [monitor] [trufflehog:lint:routes\login.js:HEAD] Linter ran in 1813ms
[2025-11-10 11:43:05.032] [global] [info] [grpc.cc:26] TX:virtual grpc::Status trunk::cli::UpgradeService::GetAvailableUpgrades(grpc::ServerContext *, const upgrade::proto::v1::GetAvailableUpgradesRequest *, grpc::ServerWriter<upgrade::proto::v1::GetAvailableUpgradesResponse> *) status=OK
[2025-11-10 11:43:06.440] [global] [info] [notification_manager.cc:37] Writing to C:\Users\222417961\server\server.icep\.trunk\notifications\trunk-upgrade.yaml
[2025-11-10 11:46:45.121] [global] [info] [git_source_control.cc:517] Computing merge base between 1093ed5a8e3cfb361709a30fcbc259f822505b5d and 4ec31c918f9be377db5d9f63e3356867d6340745
[2025-11-10 11:46:45.123] [global] [info] [git_source_control.cc:519] Resolved divergent commit as f4cb8fec9afe55adde8ee3d313e091e1f2a445dc
[2025-11-10 11:46:45.168] [global] [info] [cache.cc:934] [monitor] [trufflehog:lint:routes\login.js:HEAD] already cached, not running linter
[2025-11-10 11:49:30.795] [global] [info] [git_source_control.cc:517] Computing merge base between 1093ed5a8e3cfb361709a30fcbc259f822505b5d and 4ec31c918f9be377db5d9f63e3356867d6340745
[2025-11-10 11:49:30.795] [global] [info] [git_source_control.cc:519] Resolved divergent commit as f4cb8fec9afe55adde8ee3d313e091e1f2a445dc
[2025-11-10 11:49:30.840] [global] [info] [cache.cc:974] [monitor] [trufflehog:lint:config\socket.js:HEAD] running linter (cache-key:935c039e16e04c5adf2d9be9b105f9f9)
[2025-11-10 11:49:32.565] [global] [warning] [resolve_binary.cc:46] is_regular_file check failed for for C:\Users\222417961\AppData\Local\trunk\tools\trufflehog\3.90.13-e46740766b963854c2ebadfd212340f3/bin\python3.bat // 3:The system cannot find the path specified.
[2025-11-10 11:49:32.565] [global] [warning] [resolve_binary.cc:46] is_regular_file check failed for for C:\Users\222417961\AppData\Local\trunk\tools\trufflehog\3.90.13-e46740766b963854c2ebadfd212340f3/bin\python3 // 3:The system cannot find the path specified.
[2025-11-10 11:49:32.565] [global] [warning] [resolve_binary.cc:46] is_regular_file check failed for for C:\Users\222417961\AppData\Local\trunk\tools\trufflehog\3.90.13-e46740766b963854c2ebadfd212340f3/bin\python3.exe // 3:The system cannot find the path specified.
[2025-11-10 11:49:32.566] [global] [warning] [resolve_binary.cc:46] is_regular_file check failed for for C:\Users\222417961\AppData\Local\trunk\tools\trufflehog\3.90.13-e46740766b963854c2ebadfd212340f3/Scripts\python3.bat // 3:The system cannot find the path specified.
[2025-11-10 11:49:32.566] [global] [warning] [resolve_binary.cc:46] is_regular_file check failed for for C:\Users\222417961\AppData\Local\trunk\tools\trufflehog\3.90.13-e46740766b963854c2ebadfd212340f3/Scripts\python3 // 3:The system cannot find the path specified.
[2025-11-10 11:49:32.566] [global] [warning] [resolve_binary.cc:46] is_regular_file check failed for for C:\Users\222417961\AppData\Local\trunk\tools\trufflehog\3.90.13-e46740766b963854c2ebadfd212340f3/Scripts\python3.exe // 3:The system cannot find the path specified.
[2025-11-10 11:49:32.566] [global] [warning] [resolve_binary.cc:46] is_regular_file check failed for for C:\Users\222417961\AppData\Local\trunk\tools\python\3.10.8-2211cb108575de2785d77a26a1f8d070/bin\python3.bat // 3:The system cannot find the path specified.
[2025-11-10 11:49:32.566] [global] [warning] [resolve_binary.cc:46] is_regular_file check failed for for C:\Users\222417961\AppData\Local\trunk\tools\python\3.10.8-2211cb108575de2785d77a26a1f8d070/bin\python3 // 3:The system cannot find the path specified.
[2025-11-10 11:49:32.566] [global] [warning] [resolve_binary.cc:46] is_regular_file check failed for for C:\Users\222417961\AppData\Local\trunk\tools\python\3.10.8-2211cb108575de2785d77a26a1f8d070/bin\python3.exe // 3:The system cannot find the path specified.
[2025-11-10 11:49:32.715] [global] [info] [cache.cc:1117] [monitor] [trufflehog:lint:config\socket.js:HEAD] Linter ran in 1874ms
[2025-11-10 11:49:46.807] [global] [info] [git_source_control.cc:517] Computing merge base between 1093ed5a8e3cfb361709a30fcbc259f822505b5d and 4ec31c918f9be377db5d9f63e3356867d6340745
[2025-11-10 11:49:46.808] [global] [info] [git_source_control.cc:519] Resolved divergent commit as f4cb8fec9afe55adde8ee3d313e091e1f2a445dc
[2025-11-10 11:49:46.881] [global] [info] [cache.cc:974] [monitor] [trufflehog:lint:routes\login.js:HEAD] running linter (cache-key:b0621339b502f28aaee59a4702fc16da)
[2025-11-10 11:49:48.663] [global] [warning] [resolve_binary.cc:46] is_regular_file check failed for for C:\Users\222417961\AppData\Local\trunk\tools\trufflehog\3.90.13-e46740766b963854c2ebadfd212340f3/bin\python3.bat // 3:The system cannot find the path specified.
[2025-11-10 11:49:48.663] [global] [warning] [resolve_binary.cc:46] is_regular_file check failed for for C:\Users\222417961\AppData\Local\trunk\tools\trufflehog\3.90.13-e46740766b963854c2ebadfd212340f3/bin\python3 // 3:The system cannot find the path specified.
[2025-11-10 11:49:48.663] [global] [warning] [resolve_binary.cc:46] is_regular_file check failed for for C:\Users\222417961\AppData\Local\trunk\tools\trufflehog\3.90.13-e46740766b963854c2ebadfd212340f3/bin\python3.exe // 3:The system cannot find the path specified.
[2025-11-10 11:49:48.663] [global] [warning] [resolve_binary.cc:46] is_regular_file check failed for for C:\Users\222417961\AppData\Local\trunk\tools\trufflehog\3.90.13-e46740766b963854c2ebadfd212340f3/Scripts\python3.bat // 3:The system cannot find the path specified.
[2025-11-10 11:49:48.663] [global] [warning] [resolve_binary.cc:46] is_regular_file check failed for for C:\Users\222417961\AppData\Local\trunk\tools\trufflehog\3.90.13-e46740766b963854c2ebadfd212340f3/Scripts\python3 // 3:The system cannot find the path specified.
[2025-11-10 11:49:48.663] [global] [warning] [resolve_binary.cc:46] is_regular_file check failed for for C:\Users\222417961\AppData\Local\trunk\tools\trufflehog\3.90.13-e46740766b963854c2ebadfd212340f3/Scripts\python3.exe // 3:The system cannot find the path specified.
[2025-11-10 11:49:48.663] [global] [warning] [resolve_binary.cc:46] is_regular_file check failed for for C:\Users\222417961\AppData\Local\trunk\tools\python\3.10.8-2211cb108575de2785d77a26a1f8d070/bin\python3.bat // 3:The system cannot find the path specified.
[2025-11-10 11:49:48.663] [global] [warning] [resolve_binary.cc:46] is_regular_file check failed for for C:\Users\222417961\AppData\Local\trunk\tools\python\3.10.8-2211cb108575de2785d77a26a1f8d070/bin\python3 // 3:The system cannot find the path specified.
[2025-11-10 11:49:48.663] [global] [warning] [resolve_binary.cc:46] is_regular_file check failed for for C:\Users\222417961\AppData\Local\trunk\tools\python\3.10.8-2211cb108575de2785d77a26a1f8d070/bin\python3.exe // 3:The system cannot find the path specified.
[2025-11-10 11:49:48.710] [global] [info] [cache.cc:1117] [monitor] [trufflehog:lint:routes\login.js:HEAD] Linter ran in 1828ms
[2025-11-10 11:50:52.366] [global] [info] [git_source_control.cc:517] Computing merge base between 1093ed5a8e3cfb361709a30fcbc259f822505b5d and 4ec31c918f9be377db5d9f63e3356867d6340745
[2025-11-10 11:50:52.366] [global] [info] [git_source_control.cc:519] Resolved divergent commit as f4cb8fec9afe55adde8ee3d313e091e1f2a445dc
[2025-11-10 11:50:52.409] [global] [info] [cache.cc:974] [monitor] [trufflehog:lint:middlewares\CheckVerificationStatus.js:HEAD] running linter (cache-key:e3e415f9f9d803c0b8a958b4ede8ea67)
[2025-11-10 11:50:54.218] [global] [warning] [resolve_binary.cc:46] is_regular_file check failed for for C:\Users\222417961\AppData\Local\trunk\tools\trufflehog\3.90.13-e46740766b963854c2ebadfd212340f3/bin\python3.bat // 3:The system cannot find the path specified.
[2025-11-10 11:50:54.218] [global] [warning] [resolve_binary.cc:46] is_regular_file check failed for for C:\Users\222417961\AppData\Local\trunk\tools\trufflehog\3.90.13-e46740766b963854c2ebadfd212340f3/bin\python3 // 3:The system cannot find the path specified.
[2025-11-10 11:50:54.218] [global] [warning] [resolve_binary.cc:46] is_regular_file check failed for for C:\Users\222417961\AppData\Local\trunk\tools\trufflehog\3.90.13-e46740766b963854c2ebadfd212340f3/bin\python3.exe // 3:The system cannot find the path specified.
[2025-11-10 11:50:54.218] [global] [warning] [resolve_binary.cc:46] is_regular_file check failed for for C:\Users\222417961\AppData\Local\trunk\tools\trufflehog\3.90.13-e46740766b963854c2ebadfd212340f3/Scripts\python3.bat // 3:The system cannot find the path specified.
[2025-11-10 11:50:54.218] [global] [warning] [resolve_binary.cc:46] is_regular_file check failed for for C:\Users\222417961\AppData\Local\trunk\tools\trufflehog\3.90.13-e46740766b963854c2ebadfd212340f3/Scripts\python3 // 3:The system cannot find the path specified.
[2025-11-10 11:50:54.218] [global] [warning] [resolve_binary.cc:46] is_regular_file check failed for for C:\Users\222417961\AppData\Local\trunk\tools\trufflehog\3.90.13-e46740766b963854c2ebadfd212340f3/Scripts\python3.exe // 3:The system cannot find the path specified.
[2025-11-10 11:50:54.218] [global] [warning] [resolve_binary.cc:46] is_regular_file check failed for for C:\Users\222417961\AppData\Local\trunk\tools\python\3.10.8-2211cb108575de2785d77a26a1f8d070/bin\python3.bat // 3:The system cannot find the path specified.
[2025-11-10 11:50:54.218] [global] [warning] [resolve_binary.cc:46] is_regular_file check failed for for C:\Users\222417961\AppData\Local\trunk\tools\python\3.10.8-2211cb108575de2785d77a26a1f8d070/bin\python3 // 3:The system cannot find the path specified.
[2025-11-10 11:50:54.218] [global] [warning] [resolve_binary.cc:46] is_regular_file check failed for for C:\Users\222417961\AppData\Local\trunk\tools\python\3.10.8-2211cb108575de2785d77a26a1f8d070/bin\python3.exe // 3:The system cannot find the path specified.
[2025-11-10 11:50:54.269] [global] [info] [cache.cc:1117] [monitor] [trufflehog:lint:middlewares\CheckVerificationStatus.js:HEAD] Linter ran in 1859ms
[2025-11-10 11:51:19.740] [global] [info] [git_source_control.cc:517] Computing merge base between 1093ed5a8e3cfb361709a30fcbc259f822505b5d and 4ec31c918f9be377db5d9f63e3356867d6340745
[2025-11-10 11:51:19.740] [global] [info] [git_source_control.cc:519] Resolved divergent commit as f4cb8fec9afe55adde8ee3d313e091e1f2a445dc
[2025-11-10 11:51:19.778] [global] [info] [cache.cc:939] Unable to deserialize [monitor] [trufflehog:lint:controllers\VerificationController.js:HEAD], removing from cache
[2025-11-10 11:51:19.778] [global] [info] [cache.cc:974] [monitor] [trufflehog:lint:controllers\VerificationController.js:HEAD] running linter (cache-key:e8c1b2b476f13afc2413169d02f9a332)
[2025-11-10 11:51:21.509] [global] [warning] [resolve_binary.cc:46] is_regular_file check failed for for C:\Users\222417961\AppData\Local\trunk\tools\trufflehog\3.90.13-e46740766b963854c2ebadfd212340f3/bin\python3.bat // 3:The system cannot find the path specified.
[2025-11-10 11:51:21.509] [global] [warning] [resolve_binary.cc:46] is_regular_file check failed for for C:\Users\222417961\AppData\Local\trunk\tools\trufflehog\3.90.13-e46740766b963854c2ebadfd212340f3/bin\python3 // 3:The system cannot find the path specified.
[2025-11-10 11:51:21.509] [global] [warning] [resolve_binary.cc:46] is_regular_file check failed for for C:\Users\222417961\AppData\Local\trunk\tools\trufflehog\3.90.13-e46740766b963854c2ebadfd212340f3/bin\python3.exe // 3:The system cannot find the path specified.
[2025-11-10 11:51:21.509] [global] [warning] [resolve_binary.cc:46] is_regular_file check failed for for C:\Users\222417961\AppData\Local\trunk\tools\trufflehog\3.90.13-e46740766b963854c2ebadfd212340f3/Scripts\python3.bat // 3:The system cannot find the path specified.
[2025-11-10 11:51:21.509] [global] [warning] [resolve_binary.cc:46] is_regular_file check failed for for C:\Users\222417961\AppData\Local\trunk\tools\trufflehog\3.90.13-e46740766b963854c2ebadfd212340f3/Scripts\python3 // 3:The system cannot find the path specified.
[2025-11-10 11:51:21.509] [global] [warning] [resolve_binary.cc:46] is_regular_file check failed for for C:\Users\222417961\AppData\Local\trunk\tools\trufflehog\3.90.13-e46740766b963854c2ebadfd212340f3/Scripts\python3.exe // 3:The system cannot find the path specified.
[2025-11-10 11:51:21.509] [global] [warning] [resolve_binary.cc:46] is_regular_file check failed for for C:\Users\222417961\AppData\Local\trunk\tools\python\3.10.8-2211cb108575de2785d77a26a1f8d070/bin\python3.bat // 3:The system cannot find the path specified.
[2025-11-10 11:51:21.510] [global] [warning] [resolve_binary.cc:46] is_regular_file check failed for for C:\Users\222417961\AppData\Local\trunk\tools\python\3.10.8-2211cb108575de2785d77a26a1f8d070/bin\python3 // 3:The system cannot find the path specified.
[2025-11-10 11:51:21.510] [global] [warning] [resolve_binary.cc:46] is_regular_file check failed for for C:\Users\222417961\AppData\Local\trunk\tools\python\3.10.8-2211cb108575de2785d77a26a1f8d070/bin\python3.exe // 3:The system cannot find the path specified.
[2025-11-10 11:51:21.561] [global] [info] [cache.cc:1117] [monitor] [trufflehog:lint:controllers\VerificationController.js:HEAD] Linter ran in 1782ms
[2025-11-10 12:42:52.421] [global] [info] [runner.cc:154] Executing action trunk-upgrade-available.schedule.1h
[2025-11-10 12:42:52.727] [global] [info] [grpc.cc:22] RX:virtual grpc::Status trunk::cli::UpgradeService::GetAvailableUpgrades(grpc::ServerContext *, const upgrade::proto::v1::GetAvailableUpgradesRequest *, grpc::ServerWriter<upgrade::proto::v1::GetAvailableUpgradesResponse> *)
[2025-11-10 12:42:52.728] [global] [info] [cli_upgrade.cc:85] Checking for latest trunk prod version...
[2025-11-10 12:42:52.729] [global] [info] [plugin_upgrade.cc:71] Querying latest version for plugin trunk
[2025-11-10 12:42:53.987] [global] [info] [release.cc:131] Retrieved 8 linter-version pairs from ReleaseVersionService
[2025-11-10 12:42:53.993] [global] [warning] [resolve_binary.cc:46] is_regular_file check failed for for C:\Users\222417961\AppData\Local\trunk\tools\node\22.16.0-12da8a4c27b144aedaf7d975e067667c/bin\npm.bat // 3:The system cannot find the path specified.
[2025-11-10 12:42:53.993] [global] [warning] [resolve_binary.cc:46] is_regular_file check failed for for C:\Users\222417961\AppData\Local\trunk\tools\node\22.16.0-12da8a4c27b144aedaf7d975e067667c/bin\npm // 3:The system cannot find the path specified.
[2025-11-10 12:42:53.994] [global] [warning] [resolve_binary.cc:46] is_regular_file check failed for for C:\Users\222417961\AppData\Local\trunk\tools\node\22.16.0-12da8a4c27b144aedaf7d975e067667c/bin\npm.exe // 3:The system cannot find the path specified.
[2025-11-10 12:42:53.995] [global] [warning] [resolve_binary.cc:46] is_regular_file check failed for for C:\Users\222417961\AppData\Local\trunk\tools\node\22.16.0-12da8a4c27b144aedaf7d975e067667c/bin\npm.bat // 3:The system cannot find the path specified.
[2025-11-10 12:42:53.995] [global] [warning] [resolve_binary.cc:46] is_regular_file check failed for for C:\Users\222417961\AppData\Local\trunk\tools\node\22.16.0-12da8a4c27b144aedaf7d975e067667c/bin\npm // 3:The system cannot find the path specified.
[2025-11-10 12:42:53.995] [global] [warning] [resolve_binary.cc:46] is_regular_file check failed for for C:\Users\222417961\AppData\Local\trunk\tools\node\22.16.0-12da8a4c27b144aedaf7d975e067667c/bin\npm.exe // 3:The system cannot find the path specified.
[2025-11-10 12:42:54.157] [global] [info] [cli_upgrade.cc:92] Successfully fetched latest trunk 1.25.0 version: prod
[2025-11-10 12:42:55.161] [global] [info] [linter.cc:1791] Found config in plugin repo at C:\Users\222417961\AppData\Local\trunk\plugins\https---github-com-trunk-io-plugins\v1.7.3-4ebadccd80b22638\linters\yamllint\.yamllint.yaml
[2025-11-10 12:42:56.608] [global] [info] [grpc.cc:26] TX:virtual grpc::Status trunk::cli::UpgradeService::GetAvailableUpgrades(grpc::ServerContext *, const upgrade::proto::v1::GetAvailableUpgradesRequest *, grpc::ServerWriter<upgrade::proto::v1::GetAvailableUpgradesResponse> *) status=OK
[2025-11-10 12:42:58.038] [global] [info] [notification_manager.cc:37] Writing to C:\Users\222417961\server\server.icep\.trunk\notifications\trunk-upgrade.yaml
[2025-11-10 13:42:52.430] [global] [info] [runner.cc:154] Executing action trunk-upgrade-available.schedule.1h
[2025-11-10 13:42:54.443] [global] [info] [grpc.cc:22] RX:virtual grpc::Status trunk::cli::UpgradeService::GetAvailableUpgrades(grpc::ServerContext *, const upgrade::proto::v1::GetAvailableUpgradesRequest *, grpc::ServerWriter<upgrade::proto::v1::GetAvailableUpgradesResponse> *)
[2025-11-10 13:42:54.444] [global] [info] [cli_upgrade.cc:85] Checking for latest trunk prod version...
[2025-11-10 13:42:54.445] [global] [info] [plugin_upgrade.cc:71] Querying latest version for plugin trunk
[2025-11-10 13:42:55.990] [global] [info] [release.cc:131] Retrieved 8 linter-version pairs from ReleaseVersionService
[2025-11-10 13:42:55.992] [global] [warning] [resolve_binary.cc:46] is_regular_file check failed for for C:\Users\222417961\AppData\Local\trunk\tools\node\22.16.0-12da8a4c27b144aedaf7d975e067667c/bin\npm.bat // 3:The system cannot find the path specified.
[2025-11-10 13:42:55.992] [global] [warning] [resolve_binary.cc:46] is_regular_file check failed for for C:\Users\222417961\AppData\Local\trunk\tools\node\22.16.0-12da8a4c27b144aedaf7d975e067667c/bin\npm // 3:The system cannot find the path specified.
[2025-11-10 13:42:55.992] [global] [warning] [resolve_binary.cc:46] is_regular_file check failed for for C:\Users\222417961\AppData\Local\trunk\tools\node\22.16.0-12da8a4c27b144aedaf7d975e067667c/bin\npm.exe // 3:The system cannot find the path specified.
[2025-11-10 13:42:55.992] [global] [warning] [resolve_binary.cc:46] is_regular_file check failed for for C:\Users\222417961\AppData\Local\trunk\tools\node\22.16.0-12da8a4c27b144aedaf7d975e067667c/bin\npm.bat // 3:The system cannot find the path specified.
[2025-11-10 13:42:55.992] [global] [warning] [resolve_binary.cc:46] is_regular_file check failed for for C:\Users\222417961\AppData\Local\trunk\tools\node\22.16.0-12da8a4c27b144aedaf7d975e067667c/bin\npm // 3:The system cannot find the path specified.
[2025-11-10 13:42:55.992] [global] [warning] [resolve_binary.cc:46] is_regular_file check failed for for C:\Users\222417961\AppData\Local\trunk\tools\node\22.16.0-12da8a4c27b144aedaf7d975e067667c/bin\npm.exe // 3:The system cannot find the path specified.
[2025-11-10 13:42:56.358] [global] [info] [cli_upgrade.cc:92] Successfully fetched latest trunk 1.25.0 version: prod
[2025-11-10 13:42:57.152] [global] [info] [linter.cc:1791] Found config in plugin repo at C:\Users\222417961\AppData\Local\trunk\plugins\https---github-com-trunk-io-plugins\v1.7.3-4ebadccd80b22638\linters\yamllint\.yamllint.yaml
[2025-11-10 13:42:58.614] [global] [info] [grpc.cc:26] TX:virtual grpc::Status trunk::cli::UpgradeService::GetAvailableUpgrades(grpc::ServerContext *, const upgrade::proto::v1::GetAvailableUpgradesRequest *, grpc::ServerWriter<upgrade::proto::v1::GetAvailableUpgradesResponse> *) status=OK
[2025-11-10 13:43:00.199] [global] [info] [notification_manager.cc:37] Writing to C:\Users\222417961\server\server.icep\.trunk\notifications\trunk-upgrade.yaml
[2025-11-10 14:42:52.409] [global] [info] [runner.cc:154] Executing action trunk-upgrade-available.schedule.1h
[2025-11-10 14:42:54.787] [global] [info] [grpc.cc:22] RX:virtual grpc::Status trunk::cli::UpgradeService::GetAvailableUpgrades(grpc::ServerContext *, const upgrade::proto::v1::GetAvailableUpgradesRequest *, grpc::ServerWriter<upgrade::proto::v1::GetAvailableUpgradesResponse> *)
[2025-11-10 14:42:54.788] [global] [info] [cli_upgrade.cc:85] Checking for latest trunk prod version...
[2025-11-10 14:42:54.789] [global] [info] [plugin_upgrade.cc:71] Querying latest version for plugin trunk
[2025-11-10 14:42:56.057] [global] [info] [release.cc:131] Retrieved 8 linter-version pairs from ReleaseVersionService
[2025-11-10 14:42:56.059] [global] [warning] [resolve_binary.cc:46] is_regular_file check failed for for C:\Users\222417961\AppData\Local\trunk\tools\node\22.16.0-12da8a4c27b144aedaf7d975e067667c/bin\npm.bat // 3:The system cannot find the path specified.
[2025-11-10 14:42:56.059] [global] [warning] [resolve_binary.cc:46] is_regular_file check failed for for C:\Users\222417961\AppData\Local\trunk\tools\node\22.16.0-12da8a4c27b144aedaf7d975e067667c/bin\npm // 3:The system cannot find the path specified.
[2025-11-10 14:42:56.059] [global] [warning] [resolve_binary.cc:46] is_regular_file check failed for for C:\Users\222417961\AppData\Local\trunk\tools\node\22.16.0-12da8a4c27b144aedaf7d975e067667c/bin\npm.exe // 3:The system cannot find the path specified.
[2025-11-10 14:42:56.060] [global] [warning] [resolve_binary.cc:46] is_regular_file check failed for for C:\Users\222417961\AppData\Local\trunk\tools\node\22.16.0-12da8a4c27b144aedaf7d975e067667c/bin\npm.bat // 3:The system cannot find the path specified.
[2025-11-10 14:42:56.060] [global] [warning] [resolve_binary.cc:46] is_regular_file check failed for for C:\Users\222417961\AppData\Local\trunk\tools\node\22.16.0-12da8a4c27b144aedaf7d975e067667c/bin\npm // 3:The system cannot find the path specified.
[2025-11-10 14:42:56.060] [global] [warning] [resolve_binary.cc:46] is_regular_file check failed for for C:\Users\222417961\AppData\Local\trunk\tools\node\22.16.0-12da8a4c27b144aedaf7d975e067667c/bin\npm.exe // 3:The system cannot find the path specified.
[2025-11-10 14:42:56.477] [global] [info] [cli_upgrade.cc:92] Successfully fetched latest trunk 1.25.0 version: prod
[2025-11-10 14:42:57.208] [global] [info] [linter.cc:1791] Found config in plugin repo at C:\Users\222417961\AppData\Local\trunk\plugins\https---github-com-trunk-io-plugins\v1.7.3-4ebadccd80b22638\linters\yamllint\.yamllint.yaml
[2025-11-10 14:42:58.685] [global] [info] [grpc.cc:26] TX:virtual grpc::Status trunk::cli::UpgradeService::GetAvailableUpgrades(grpc::ServerContext *, const upgrade::proto::v1::GetAvailableUpgradesRequest *, grpc::ServerWriter<upgrade::proto::v1::GetAvailableUpgradesResponse> *) status=OK
[2025-11-10 14:43:00.258] [global] [info] [notification_manager.cc:37] Writing to C:\Users\222417961\server\server.icep\.trunk\notifications\trunk-upgrade.yaml
[2025-11-10 14:52:06.173] [global] [info] [git_source_control.cc:517] Computing merge base between 1093ed5a8e3cfb361709a30fcbc259f822505b5d and 4ec31c918f9be377db5d9f63e3356867d6340745
[2025-11-10 14:52:06.173] [global] [info] [git_source_control.cc:519] Resolved divergent commit as f4cb8fec9afe55adde8ee3d313e091e1f2a445dc
[2025-11-10 14:52:06.234] [global] [info] [cache.cc:974] [monitor] [trufflehog:lint:config\socket.js:HEAD] running linter (cache-key:b922cd0504de1a9e161bea8dc97aa236)
[2025-11-10 14:52:07.970] [global] [warning] [resolve_binary.cc:46] is_regular_file check failed for for C:\Users\222417961\AppData\Local\trunk\tools\trufflehog\3.90.13-e46740766b963854c2ebadfd212340f3/bin\python3.bat // 3:The system cannot find the path specified.
[2025-11-10 14:52:07.970] [global] [warning] [resolve_binary.cc:46] is_regular_file check failed for for C:\Users\222417961\AppData\Local\trunk\tools\trufflehog\3.90.13-e46740766b963854c2ebadfd212340f3/bin\python3 // 3:The system cannot find the path specified.
[2025-11-10 14:52:07.970] [global] [warning] [resolve_binary.cc:46] is_regular_file check failed for for C:\Users\222417961\AppData\Local\trunk\tools\trufflehog\3.90.13-e46740766b963854c2ebadfd212340f3/bin\python3.exe // 3:The system cannot find the path specified.
[2025-11-10 14:52:07.970] [global] [warning] [resolve_binary.cc:46] is_regular_file check failed for for C:\Users\222417961\AppData\Local\trunk\tools\trufflehog\3.90.13-e46740766b963854c2ebadfd212340f3/Scripts\python3.bat // 3:The system cannot find the path specified.
[2025-11-10 14:52:07.970] [global] [warning] [resolve_binary.cc:46] is_regular_file check failed for for C:\Users\222417961\AppData\Local\trunk\tools\trufflehog\3.90.13-e46740766b963854c2ebadfd212340f3/Scripts\python3 // 3:The system cannot find the path specified.
[2025-11-10 14:52:07.970] [global] [warning] [resolve_binary.cc:46] is_regular_file check failed for for C:\Users\222417961\AppData\Local\trunk\tools\trufflehog\3.90.13-e46740766b963854c2ebadfd212340f3/Scripts\python3.exe // 3:The system cannot find the path specified.
[2025-11-10 14:52:07.970] [global] [warning] [resolve_binary.cc:46] is_regular_file check failed for for C:\Users\222417961\AppData\Local\trunk\tools\python\3.10.8-2211cb108575de2785d77a26a1f8d070/bin\python3.bat // 3:The system cannot find the path specified.
[2025-11-10 14:52:07.970] [global] [warning] [resolve_binary.cc:46] is_regular_file check failed for for C:\Users\222417961\AppData\Local\trunk\tools\python\3.10.8-2211cb108575de2785d77a26a1f8d070/bin\python3 // 3:The system cannot find the path specified.
[2025-11-10 14:52:07.970] [global] [warning] [resolve_binary.cc:46] is_regular_file check failed for for C:\Users\222417961\AppData\Local\trunk\tools\python\3.10.8-2211cb108575de2785d77a26a1f8d070/bin\python3.exe // 3:The system cannot find the path specified.
[2025-11-10 14:52:08.037] [global] [info] [cache.cc:1117] [monitor] [trufflehog:lint:config\socket.js:HEAD] Linter ran in 1802ms
[2025-11-10 14:57:12.753] [global] [info] [git_source_control.cc:517] Computing merge base between 1093ed5a8e3cfb361709a30fcbc259f822505b5d and 4ec31c918f9be377db5d9f63e3356867d6340745
[2025-11-10 14:57:12.754] [global] [info] [git_source_control.cc:519] Resolved divergent commit as f4cb8fec9afe55adde8ee3d313e091e1f2a445dc
[2025-11-10 14:57:12.858] [global] [info] [cache.cc:974] [monitor] [trufflehog:lint:config\Gemini.js:HEAD] running linter (cache-key:439ed1d843df0f999a00109a806ba47b)
[2025-11-10 14:57:14.606] [global] [warning] [resolve_binary.cc:46] is_regular_file check failed for for C:\Users\222417961\AppData\Local\trunk\tools\trufflehog\3.90.13-e46740766b963854c2ebadfd212340f3/bin\python3.bat // 3:The system cannot find the path specified.
[2025-11-10 14:57:14.606] [global] [warning] [resolve_binary.cc:46] is_regular_file check failed for for C:\Users\222417961\AppData\Local\trunk\tools\trufflehog\3.90.13-e46740766b963854c2ebadfd212340f3/bin\python3 // 3:The system cannot find the path specified.
[2025-11-10 14:57:14.606] [global] [warning] [resolve_binary.cc:46] is_regular_file check failed for for C:\Users\222417961\AppData\Local\trunk\tools\trufflehog\3.90.13-e46740766b963854c2ebadfd212340f3/bin\python3.exe // 3:The system cannot find the path specified.
[2025-11-10 14:57:14.606] [global] [warning] [resolve_binary.cc:46] is_regular_file check failed for for C:\Users\222417961\AppData\Local\trunk\tools\trufflehog\3.90.13-e46740766b963854c2ebadfd212340f3/Scripts\python3.bat // 3:The system cannot find the path specified.
[2025-11-10 14:57:14.606] [global] [warning] [resolve_binary.cc:46] is_regular_file check failed for for C:\Users\222417961\AppData\Local\trunk\tools\trufflehog\3.90.13-e46740766b963854c2ebadfd212340f3/Scripts\python3 // 3:The system cannot find the path specified.
[2025-11-10 14:57:14.606] [global] [warning] [resolve_binary.cc:46] is_regular_file check failed for for C:\Users\222417961\AppData\Local\trunk\tools\trufflehog\3.90.13-e46740766b963854c2ebadfd212340f3/Scripts\python3.exe // 3:The system cannot find the path specified.
[2025-11-10 14:57:14.606] [global] [warning] [resolve_binary.cc:46] is_regular_file check failed for for C:\Users\222417961\AppData\Local\trunk\tools\python\3.10.8-2211cb108575de2785d77a26a1f8d070/bin\python3.bat // 3:The system cannot find the path specified.
[2025-11-10 14:57:14.606] [global] [warning] [resolve_binary.cc:46] is_regular_file check failed for for C:\Users\222417961\AppData\Local\trunk\tools\python\3.10.8-2211cb108575de2785d77a26a1f8d070/bin\python3 // 3:The system cannot find the path specified.
[2025-11-10 14:57:14.606] [global] [warning] [resolve_binary.cc:46] is_regular_file check failed for for C:\Users\222417961\AppData\Local\trunk\tools\python\3.10.8-2211cb108575de2785d77a26a1f8d070/bin\python3.exe // 3:The system cannot find the path specified.
[2025-11-10 14:57:14.655] [global] [info] [cache.cc:1117] [monitor] [trufflehog:lint:config\Gemini.js:HEAD] Linter ran in 1795ms
[2025-11-10 14:59:05.321] [global] [info] [git_source_control.cc:517] Computing merge base between 1093ed5a8e3cfb361709a30fcbc259f822505b5d and 4ec31c918f9be377db5d9f63e3356867d6340745
[2025-11-10 14:59:05.321] [global] [info] [git_source_control.cc:519] Resolved divergent commit as f4cb8fec9afe55adde8ee3d313e091e1f2a445dc
[2025-11-10 14:59:05.366] [global] [info] [cache.cc:974] [monitor] [trufflehog:lint:config\socket.js:HEAD] running linter (cache-key:9e0f95bf23808ffc0ae2eaa615643afb)
[2025-11-10 14:59:07.178] [global] [warning] [resolve_binary.cc:46] is_regular_file check failed for for C:\Users\222417961\AppData\Local\trunk\tools\trufflehog\3.90.13-e46740766b963854c2ebadfd212340f3/bin\python3.bat // 3:The system cannot find the path specified.
[2025-11-10 14:59:07.178] [global] [warning] [resolve_binary.cc:46] is_regular_file check failed for for C:\Users\222417961\AppData\Local\trunk\tools\trufflehog\3.90.13-e46740766b963854c2ebadfd212340f3/bin\python3 // 3:The system cannot find the path specified.
[2025-11-10 14:59:07.178] [global] [warning] [resolve_binary.cc:46] is_regular_file check failed for for C:\Users\222417961\AppData\Local\trunk\tools\trufflehog\3.90.13-e46740766b963854c2ebadfd212340f3/bin\python3.exe // 3:The system cannot find the path specified.
[2025-11-10 14:59:07.178] [global] [warning] [resolve_binary.cc:46] is_regular_file check failed for for C:\Users\222417961\AppData\Local\trunk\tools\trufflehog\3.90.13-e46740766b963854c2ebadfd212340f3/Scripts\python3.bat // 3:The system cannot find the path specified.
[2025-11-10 14:59:07.178] [global] [warning] [resolve_binary.cc:46] is_regular_file check failed for for C:\Users\222417961\AppData\Local\trunk\tools\trufflehog\3.90.13-e46740766b963854c2ebadfd212340f3/Scripts\python3 // 3:The system cannot find the path specified.
[2025-11-10 14:59:07.178] [global] [warning] [resolve_binary.cc:46] is_regular_file check failed for for C:\Users\222417961\AppData\Local\trunk\tools\trufflehog\3.90.13-e46740766b963854c2ebadfd212340f3/Scripts\python3.exe // 3:The system cannot find the path specified.
[2025-11-10 14:59:07.178] [global] [warning] [resolve_binary.cc:46] is_regular_file check failed for for C:\Users\222417961\AppData\Local\trunk\tools\python\3.10.8-2211cb108575de2785d77a26a1f8d070/bin\python3.bat // 3:The system cannot find the path specified.
[2025-11-10 14:59:07.178] [global] [warning] [resolve_binary.cc:46] is_regular_file check failed for for C:\Users\222417961\AppData\Local\trunk\tools\python\3.10.8-2211cb108575de2785d77a26a1f8d070/bin\python3 // 3:The system cannot find the path specified.
[2025-11-10 14:59:07.179] [global] [warning] [resolve_binary.cc:46] is_regular_file check failed for for C:\Users\222417961\AppData\Local\trunk\tools\python\3.10.8-2211cb108575de2785d77a26a1f8d070/bin\python3.exe // 3:The system cannot find the path specified.
[2025-11-10 14:59:07.228] [global] [info] [cache.cc:1117] [monitor] [trufflehog:lint:config\socket.js:HEAD] Linter ran in 1860ms
[2025-11-10 15:10:48.674] [global] [info] [git_source_control.cc:517] Computing merge base between 1093ed5a8e3cfb361709a30fcbc259f822505b5d and 4ec31c918f9be377db5d9f63e3356867d6340745
[2025-11-10 15:10:48.674] [global] [info] [git_source_control.cc:519] Resolved divergent commit as f4cb8fec9afe55adde8ee3d313e091e1f2a445dc
[2025-11-10 15:38:19.081] [global] [info] [git_source_control.cc:517] Computing merge base between 1093ed5a8e3cfb361709a30fcbc259f822505b5d and 4ec31c918f9be377db5d9f63e3356867d6340745
[2025-11-10 15:38:19.082] [global] [info] [git_source_control.cc:519] Resolved divergent commit as f4cb8fec9afe55adde8ee3d313e091e1f2a445dc
[2025-11-10 15:38:19.152] [global] [info] [cache.cc:974] [monitor] [trufflehog:lint:model\UserConversation.js:HEAD] running linter (cache-key:de4a55435c8337b0864b6b6937de1c92)
[2025-11-10 15:38:20.866] [global] [warning] [resolve_binary.cc:46] is_regular_file check failed for for C:\Users\222417961\AppData\Local\trunk\tools\trufflehog\3.90.13-e46740766b963854c2ebadfd212340f3/bin\python3.bat // 3:The system cannot find the path specified.
[2025-11-10 15:38:20.866] [global] [warning] [resolve_binary.cc:46] is_regular_file check failed for for C:\Users\222417961\AppData\Local\trunk\tools\trufflehog\3.90.13-e46740766b963854c2ebadfd212340f3/bin\python3 // 3:The system cannot find the path specified.
[2025-11-10 15:38:20.866] [global] [warning] [resolve_binary.cc:46] is_regular_file check failed for for C:\Users\222417961\AppData\Local\trunk\tools\trufflehog\3.90.13-e46740766b963854c2ebadfd212340f3/bin\python3.exe // 3:The system cannot find the path specified.
[2025-11-10 15:38:20.866] [global] [warning] [resolve_binary.cc:46] is_regular_file check failed for for C:\Users\222417961\AppData\Local\trunk\tools\trufflehog\3.90.13-e46740766b963854c2ebadfd212340f3/Scripts\python3.bat // 3:The system cannot find the path specified.
[2025-11-10 15:38:20.867] [global] [warning] [resolve_binary.cc:46] is_regular_file check failed for for C:\Users\222417961\AppData\Local\trunk\tools\trufflehog\3.90.13-e46740766b963854c2ebadfd212340f3/Scripts\python3 // 3:The system cannot find the path specified.
[2025-11-10 15:38:20.867] [global] [warning] [resolve_binary.cc:46] is_regular_file check failed for for C:\Users\222417961\AppData\Local\trunk\tools\trufflehog\3.90.13-e46740766b963854c2ebadfd212340f3/Scripts\python3.exe // 3:The system cannot find the path specified.
[2025-11-10 15:38:20.867] [global] [warning] [resolve_binary.cc:46] is_regular_file check failed for for C:\Users\222417961\AppData\Local\trunk\tools\python\3.10.8-2211cb108575de2785d77a26a1f8d070/bin\python3.bat // 3:The system cannot find the path specified.
[2025-11-10 15:38:20.867] [global] [warning] [resolve_binary.cc:46] is_regular_file check failed for for C:\Users\222417961\AppData\Local\trunk\tools\python\3.10.8-2211cb108575de2785d77a26a1f8d070/bin\python3 // 3:The system cannot find the path specified.
[2025-11-10 15:38:20.867] [global] [warning] [resolve_binary.cc:46] is_regular_file check failed for for C:\Users\222417961\AppData\Local\trunk\tools\python\3.10.8-2211cb108575de2785d77a26a1f8d070/bin\python3.exe // 3:The system cannot find the path specified.
[2025-11-10 15:38:20.915] [global] [info] [cache.cc:1117] [monitor] [trufflehog:lint:model\UserConversation.js:HEAD] Linter ran in 1761ms
[2025-11-10 15:39:29.724] [global] [info] [git_source_control.cc:517] Computing merge base between 1093ed5a8e3cfb361709a30fcbc259f822505b5d and 4ec31c918f9be377db5d9f63e3356867d6340745
[2025-11-10 15:39:29.725] [global] [info] [git_source_control.cc:519] Resolved divergent commit as f4cb8fec9afe55adde8ee3d313e091e1f2a445dc
[2025-11-10 15:39:29.798] [global] [info] [cache.cc:974] [monitor] [trufflehog:lint:model\relationships.js:HEAD] running linter (cache-key:3d665c0f51311bfbb22fc29f33c6674f)
[2025-11-10 15:39:31.548] [global] [warning] [resolve_binary.cc:46] is_regular_file check failed for for C:\Users\222417961\AppData\Local\trunk\tools\trufflehog\3.90.13-e46740766b963854c2ebadfd212340f3/bin\python3.bat // 3:The system cannot find the path specified.
[2025-11-10 15:39:31.548] [global] [warning] [resolve_binary.cc:46] is_regular_file check failed for for C:\Users\222417961\AppData\Local\trunk\tools\trufflehog\3.90.13-e46740766b963854c2ebadfd212340f3/bin\python3 // 3:The system cannot find the path specified.
[2025-11-10 15:39:31.548] [global] [warning] [resolve_binary.cc:46] is_regular_file check failed for for C:\Users\222417961\AppData\Local\trunk\tools\trufflehog\3.90.13-e46740766b963854c2ebadfd212340f3/bin\python3.exe // 3:The system cannot find the path specified.
[2025-11-10 15:39:31.549] [global] [warning] [resolve_binary.cc:46] is_regular_file check failed for for C:\Users\222417961\AppData\Local\trunk\tools\trufflehog\3.90.13-e46740766b963854c2ebadfd212340f3/Scripts\python3.bat // 3:The system cannot find the path specified.
[2025-11-10 15:39:31.549] [global] [warning] [resolve_binary.cc:46] is_regular_file check failed for for C:\Users\222417961\AppData\Local\trunk\tools\trufflehog\3.90.13-e46740766b963854c2ebadfd212340f3/Scripts\python3 // 3:The system cannot find the path specified.
[2025-11-10 15:39:31.549] [global] [warning] [resolve_binary.cc:46] is_regular_file check failed for for C:\Users\222417961\AppData\Local\trunk\tools\trufflehog\3.90.13-e46740766b963854c2ebadfd212340f3/Scripts\python3.exe // 3:The system cannot find the path specified.
[2025-11-10 15:39:31.549] [global] [warning] [resolve_binary.cc:46] is_regular_file check failed for for C:\Users\222417961\AppData\Local\trunk\tools\python\3.10.8-2211cb108575de2785d77a26a1f8d070/bin\python3.bat // 3:The system cannot find the path specified.
[2025-11-10 15:39:31.549] [global] [warning] [resolve_binary.cc:46] is_regular_file check failed for for C:\Users\222417961\AppData\Local\trunk\tools\python\3.10.8-2211cb108575de2785d77a26a1f8d070/bin\python3 // 3:The system cannot find the path specified.
[2025-11-10 15:39:31.549] [global] [warning] [resolve_binary.cc:46] is_regular_file check failed for for C:\Users\222417961\AppData\Local\trunk\tools\python\3.10.8-2211cb108575de2785d77a26a1f8d070/bin\python3.exe // 3:The system cannot find the path specified.
[2025-11-10 15:39:31.601] [global] [info] [cache.cc:1117] [monitor] [trufflehog:lint:model\relationships.js:HEAD] Linter ran in 1802ms
[2025-11-10 15:42:25.598] [global] [info] [git_source_control.cc:517] Computing merge base between 1093ed5a8e3cfb361709a30fcbc259f822505b5d and 4ec31c918f9be377db5d9f63e3356867d6340745
[2025-11-10 15:42:25.599] [global] [info] [git_source_control.cc:519] Resolved divergent commit as f4cb8fec9afe55adde8ee3d313e091e1f2a445dc
[2025-11-10 15:42:52.401] [global] [info] [runner.cc:154] Executing action trunk-upgrade-available.schedule.1h
[2025-11-10 15:42:54.482] [global] [info] [grpc.cc:22] RX:virtual grpc::Status trunk::cli::UpgradeService::GetAvailableUpgrades(grpc::ServerContext *, const upgrade::proto::v1::GetAvailableUpgradesRequest *, grpc::ServerWriter<upgrade::proto::v1::GetAvailableUpgradesResponse> *)
[2025-11-10 15:42:54.483] [global] [info] [cli_upgrade.cc:85] Checking for latest trunk prod version...
[2025-11-10 15:42:54.483] [global] [info] [plugin_upgrade.cc:71] Querying latest version for plugin trunk
[2025-11-10 15:42:55.754] [global] [info] [release.cc:131] Retrieved 8 linter-version pairs from ReleaseVersionService
[2025-11-10 15:42:55.756] [global] [warning] [resolve_binary.cc:46] is_regular_file check failed for for C:\Users\222417961\AppData\Local\trunk\tools\node\22.16.0-12da8a4c27b144aedaf7d975e067667c/bin\npm.bat // 3:The system cannot find the path specified.
[2025-11-10 15:42:55.756] [global] [warning] [resolve_binary.cc:46] is_regular_file check failed for for C:\Users\222417961\AppData\Local\trunk\tools\node\22.16.0-12da8a4c27b144aedaf7d975e067667c/bin\npm // 3:The system cannot find the path specified.
[2025-11-10 15:42:55.756] [global] [warning] [resolve_binary.cc:46] is_regular_file check failed for for C:\Users\222417961\AppData\Local\trunk\tools\node\22.16.0-12da8a4c27b144aedaf7d975e067667c/bin\npm.exe // 3:The system cannot find the path specified.
[2025-11-10 15:42:55.757] [global] [warning] [resolve_binary.cc:46] is_regular_file check failed for for C:\Users\222417961\AppData\Local\trunk\tools\node\22.16.0-12da8a4c27b144aedaf7d975e067667c/bin\npm.bat // 3:The system cannot find the path specified.
[2025-11-10 15:42:55.757] [global] [warning] [resolve_binary.cc:46] is_regular_file check failed for for C:\Users\222417961\AppData\Local\trunk\tools\node\22.16.0-12da8a4c27b144aedaf7d975e067667c/bin\npm // 3:The system cannot find the path specified.
[2025-11-10 15:42:55.757] [global] [warning] [resolve_binary.cc:46] is_regular_file check failed for for C:\Users\222417961\AppData\Local\trunk\tools\node\22.16.0-12da8a4c27b144aedaf7d975e067667c/bin\npm.exe // 3:The system cannot find the path specified.
[2025-11-10 15:42:56.406] [global] [info] [cli_upgrade.cc:92] Successfully fetched latest trunk 1.25.0 version: prod
[2025-11-10 15:42:57.250] [global] [info] [linter.cc:1791] Found config in plugin repo at C:\Users\222417961\AppData\Local\trunk\plugins\https---github-com-trunk-io-plugins\v1.7.3-4ebadccd80b22638\linters\yamllint\.yamllint.yaml
[2025-11-10 15:42:57.802] [global] [info] [git_source_control.cc:517] Computing merge base between 1093ed5a8e3cfb361709a30fcbc259f822505b5d and 4ec31c918f9be377db5d9f63e3356867d6340745
[2025-11-10 15:42:57.803] [global] [info] [git_source_control.cc:519] Resolved divergent commit as f4cb8fec9afe55adde8ee3d313e091e1f2a445dc
[2025-11-10 15:42:57.864] [global] [info] [cache.cc:974] [monitor] [trufflehog:lint:model\message.js:HEAD] running linter (cache-key:eb403eb950ed5d1a10fc7936c03c1843)
[2025-11-10 15:42:58.733] [global] [info] [grpc.cc:26] TX:virtual grpc::Status trunk::cli::UpgradeService::GetAvailableUpgrades(grpc::ServerContext *, const upgrade::proto::v1::GetAvailableUpgradesRequest *, grpc::ServerWriter<upgrade::proto::v1::GetAvailableUpgradesResponse> *) status=OK
[2025-11-10 15:42:59.676] [global] [warning] [resolve_binary.cc:46] is_regular_file check failed for for C:\Users\222417961\AppData\Local\trunk\tools\trufflehog\3.90.13-e46740766b963854c2ebadfd212340f3/bin\python3.bat // 3:The system cannot find the path specified.
[2025-11-10 15:42:59.676] [global] [warning] [resolve_binary.cc:46] is_regular_file check failed for for C:\Users\222417961\AppData\Local\trunk\tools\trufflehog\3.90.13-e46740766b963854c2ebadfd212340f3/bin\python3 // 3:The system cannot find the path specified.
[2025-11-10 15:42:59.676] [global] [warning] [resolve_binary.cc:46] is_regular_file check failed for for C:\Users\222417961\AppData\Local\trunk\tools\trufflehog\3.90.13-e46740766b963854c2ebadfd212340f3/bin\python3.exe // 3:The system cannot find the path specified.
[2025-11-10 15:42:59.676] [global] [warning] [resolve_binary.cc:46] is_regular_file check failed for for C:\Users\222417961\AppData\Local\trunk\tools\trufflehog\3.90.13-e46740766b963854c2ebadfd212340f3/Scripts\python3.bat // 3:The system cannot find the path specified.
[2025-11-10 15:42:59.676] [global] [warning] [resolve_binary.cc:46] is_regular_file check failed for for C:\Users\222417961\AppData\Local\trunk\tools\trufflehog\3.90.13-e46740766b963854c2ebadfd212340f3/Scripts\python3 // 3:The system cannot find the path specified.
[2025-11-10 15:42:59.676] [global] [warning] [resolve_binary.cc:46] is_regular_file check failed for for C:\Users\222417961\AppData\Local\trunk\tools\trufflehog\3.90.13-e46740766b963854c2ebadfd212340f3/Scripts\python3.exe // 3:The system cannot find the path specified.
[2025-11-10 15:42:59.676] [global] [warning] [resolve_binary.cc:46] is_regular_file check failed for for C:\Users\222417961\AppData\Local\trunk\tools\python\3.10.8-2211cb108575de2785d77a26a1f8d070/bin\python3.bat // 3:The system cannot find the path specified.
[2025-11-10 15:42:59.676] [global] [warning] [resolve_binary.cc:46] is_regular_file check failed for for C:\Users\222417961\AppData\Local\trunk\tools\python\3.10.8-2211cb108575de2785d77a26a1f8d070/bin\python3 // 3:The system cannot find the path specified.
[2025-11-10 15:42:59.676] [global] [warning] [resolve_binary.cc:46] is_regular_file check failed for for C:\Users\222417961\AppData\Local\trunk\tools\python\3.10.8-2211cb108575de2785d77a26a1f8d070/bin\python3.exe // 3:The system cannot find the path specified.
[2025-11-10 15:42:59.725] [global] [info] [cache.cc:1117] [monitor] [trufflehog:lint:model\message.js:HEAD] Linter ran in 1860ms
[2025-11-10 15:43:00.122] [global] [info] [notification_manager.cc:37] Writing to C:\Users\222417961\server\server.icep\.trunk\notifications\trunk-upgrade.yaml
[2025-11-10 15:43:06.477] [global] [info] [git_source_control.cc:517] Computing merge base between 1093ed5a8e3cfb361709a30fcbc259f822505b5d and 4ec31c918f9be377db5d9f63e3356867d6340745
[2025-11-10 15:43:06.478] [global] [info] [git_source_control.cc:519] Resolved divergent commit as f4cb8fec9afe55adde8ee3d313e091e1f2a445dc
[2025-11-10 15:43:06.578] [global] [info] [cache.cc:974] [monitor] [trufflehog:lint:model\UserConversation.js:HEAD] running linter (cache-key:f5e6b2b05096f1bbebd481b90569f78b)
[2025-11-10 15:43:08.359] [global] [warning] [resolve_binary.cc:46] is_regular_file check failed for for C:\Users\222417961\AppData\Local\trunk\tools\trufflehog\3.90.13-e46740766b963854c2ebadfd212340f3/bin\python3.bat // 3:The system cannot find the path specified.
[2025-11-10 15:43:08.359] [global] [warning] [resolve_binary.cc:46] is_regular_file check failed for for C:\Users\222417961\AppData\Local\trunk\tools\trufflehog\3.90.13-e46740766b963854c2ebadfd212340f3/bin\python3 // 3:The system cannot find the path specified.
[2025-11-10 15:43:08.359] [global] [warning] [resolve_binary.cc:46] is_regular_file check failed for for C:\Users\222417961\AppData\Local\trunk\tools\trufflehog\3.90.13-e46740766b963854c2ebadfd212340f3/bin\python3.exe // 3:The system cannot find the path specified.
[2025-11-10 15:43:08.359] [global] [warning] [resolve_binary.cc:46] is_regular_file check failed for for C:\Users\222417961\AppData\Local\trunk\tools\trufflehog\3.90.13-e46740766b963854c2ebadfd212340f3/Scripts\python3.bat // 3:The system cannot find the path specified.
[2025-11-10 15:43:08.359] [global] [warning] [resolve_binary.cc:46] is_regular_file check failed for for C:\Users\222417961\AppData\Local\trunk\tools\trufflehog\3.90.13-e46740766b963854c2ebadfd212340f3/Scripts\python3 // 3:The system cannot find the path specified.
[2025-11-10 15:43:08.359] [global] [warning] [resolve_binary.cc:46] is_regular_file check failed for for C:\Users\222417961\AppData\Local\trunk\tools\trufflehog\3.90.13-e46740766b963854c2ebadfd212340f3/Scripts\python3.exe // 3:The system cannot find the path specified.
[2025-11-10 15:43:08.359] [global] [warning] [resolve_binary.cc:46] is_regular_file check failed for for C:\Users\222417961\AppData\Local\trunk\tools\python\3.10.8-2211cb108575de2785d77a26a1f8d070/bin\python3.bat // 3:The system cannot find the path specified.
[2025-11-10 15:43:08.359] [global] [warning] [resolve_binary.cc:46] is_regular_file check failed for for C:\Users\222417961\AppData\Local\trunk\tools\python\3.10.8-2211cb108575de2785d77a26a1f8d070/bin\python3 // 3:The system cannot find the path specified.
[2025-11-10 15:43:08.359] [global] [warning] [resolve_binary.cc:46] is_regular_file check failed for for C:\Users\222417961\AppData\Local\trunk\tools\python\3.10.8-2211cb108575de2785d77a26a1f8d070/bin\python3.exe // 3:The system cannot find the path specified.
[2025-11-10 15:43:08.407] [global] [info] [cache.cc:1117] [monitor] [trufflehog:lint:model\UserConversation.js:HEAD] Linter ran in 1828ms
[2025-11-10 15:43:15.427] [global] [info] [git_source_control.cc:517] Computing merge base between 1093ed5a8e3cfb361709a30fcbc259f822505b5d and 4ec31c918f9be377db5d9f63e3356867d6340745
[2025-11-10 15:43:15.427] [global] [info] [git_source_control.cc:519] Resolved divergent commit as f4cb8fec9afe55adde8ee3d313e091e1f2a445dc
[2025-11-10 15:43:15.545] [global] [info] [cache.cc:974] [monitor] [trufflehog:lint:config\socket.js:HEAD] running linter (cache-key:79cb535af78d9307ee080c9c2474e358)
[2025-11-10 15:43:17.338] [global] [warning] [resolve_binary.cc:46] is_regular_file check failed for for C:\Users\222417961\AppData\Local\trunk\tools\trufflehog\3.90.13-e46740766b963854c2ebadfd212340f3/bin\python3.bat // 3:The system cannot find the path specified.
[2025-11-10 15:43:17.339] [global] [warning] [resolve_binary.cc:46] is_regular_file check failed for for C:\Users\222417961\AppData\Local\trunk\tools\trufflehog\3.90.13-e46740766b963854c2ebadfd212340f3/bin\python3 // 3:The system cannot find the path specified.
[2025-11-10 15:43:17.339] [global] [warning] [resolve_binary.cc:46] is_regular_file check failed for for C:\Users\222417961\AppData\Local\trunk\tools\trufflehog\3.90.13-e46740766b963854c2ebadfd212340f3/bin\python3.exe // 3:The system cannot find the path specified.
[2025-11-10 15:43:17.339] [global] [warning] [resolve_binary.cc:46] is_regular_file check failed for for C:\Users\222417961\AppData\Local\trunk\tools\trufflehog\3.90.13-e46740766b963854c2ebadfd212340f3/Scripts\python3.bat // 3:The system cannot find the path specified.
[2025-11-10 15:43:17.339] [global] [warning] [resolve_binary.cc:46] is_regular_file check failed for for C:\Users\222417961\AppData\Local\trunk\tools\trufflehog\3.90.13-e46740766b963854c2ebadfd212340f3/Scripts\python3 // 3:The system cannot find the path specified.
[2025-11-10 15:43:17.339] [global] [warning] [resolve_binary.cc:46] is_regular_file check failed for for C:\Users\222417961\AppData\Local\trunk\tools\trufflehog\3.90.13-e46740766b963854c2ebadfd212340f3/Scripts\python3.exe // 3:The system cannot find the path specified.
[2025-11-10 15:43:17.339] [global] [warning] [resolve_binary.cc:46] is_regular_file check failed for for C:\Users\222417961\AppData\Local\trunk\tools\python\3.10.8-2211cb108575de2785d77a26a1f8d070/bin\python3.bat // 3:The system cannot find the path specified.
[2025-11-10 15:43:17.339] [global] [warning] [resolve_binary.cc:46] is_regular_file check failed for for C:\Users\222417961\AppData\Local\trunk\tools\python\3.10.8-2211cb108575de2785d77a26a1f8d070/bin\python3 // 3:The system cannot find the path specified.
[2025-11-10 15:43:17.339] [global] [warning] [resolve_binary.cc:46] is_regular_file check failed for for C:\Users\222417961\AppData\Local\trunk\tools\python\3.10.8-2211cb108575de2785d77a26a1f8d070/bin\python3.exe // 3:The system cannot find the path specified.
[2025-11-10 15:43:17.389] [global] [info] [cache.cc:1117] [monitor] [trufflehog:lint:config\socket.js:HEAD] Linter ran in 1842ms
[2025-11-10 15:43:32.909] [global] [info] [git_source_control.cc:517] Computing merge base between 1093ed5a8e3cfb361709a30fcbc259f822505b5d and 4ec31c918f9be377db5d9f63e3356867d6340745
[2025-11-10 15:43:32.909] [global] [info] [git_source_control.cc:519] Resolved divergent commit as f4cb8fec9afe55adde8ee3d313e091e1f2a445dc
[2025-11-10 15:43:33.009] [global] [info] [cache.cc:974] [monitor] [trufflehog:lint:config\socket.js:HEAD] running linter (cache-key:41f9af1cc03e313f2ec1295b253e9fe3)
[2025-11-10 15:43:34.885] [global] [warning] [resolve_binary.cc:46] is_regular_file check failed for for C:\Users\222417961\AppData\Local\trunk\tools\trufflehog\3.90.13-e46740766b963854c2ebadfd212340f3/bin\python3.bat // 3:The system cannot find the path specified.
[2025-11-10 15:43:34.885] [global] [warning] [resolve_binary.cc:46] is_regular_file check failed for for C:\Users\222417961\AppData\Local\trunk\tools\trufflehog\3.90.13-e46740766b963854c2ebadfd212340f3/bin\python3 // 3:The system cannot find the path specified.
[2025-11-10 15:43:34.885] [global] [warning] [resolve_binary.cc:46] is_regular_file check failed for for C:\Users\222417961\AppData\Local\trunk\tools\trufflehog\3.90.13-e46740766b963854c2ebadfd212340f3/bin\python3.exe // 3:The system cannot find the path specified.
[2025-11-10 15:43:34.885] [global] [warning] [resolve_binary.cc:46] is_regular_file check failed for for C:\Users\222417961\AppData\Local\trunk\tools\trufflehog\3.90.13-e46740766b963854c2ebadfd212340f3/Scripts\python3.bat // 3:The system cannot find the path specified.
[2025-11-10 15:43:34.886] [global] [warning] [resolve_binary.cc:46] is_regular_file check failed for for C:\Users\222417961\AppData\Local\trunk\tools\trufflehog\3.90.13-e46740766b963854c2ebadfd212340f3/Scripts\python3 // 3:The system cannot find the path specified.
[2025-11-10 15:43:34.886] [global] [warning] [resolve_binary.cc:46] is_regular_file check failed for for C:\Users\222417961\AppData\Local\trunk\tools\trufflehog\3.90.13-e46740766b963854c2ebadfd212340f3/Scripts\python3.exe // 3:The system cannot find the path specified.
[2025-11-10 15:43:34.886] [global] [warning] [resolve_binary.cc:46] is_regular_file check failed for for C:\Users\222417961\AppData\Local\trunk\tools\python\3.10.8-2211cb108575de2785d77a26a1f8d070/bin\python3.bat // 3:The system cannot find the path specified.
[2025-11-10 15:43:34.886] [global] [warning] [resolve_binary.cc:46] is_regular_file check failed for for C:\Users\222417961\AppData\Local\trunk\tools\python\3.10.8-2211cb108575de2785d77a26a1f8d070/bin\python3 // 3:The system cannot find the path specified.
[2025-11-10 15:43:34.886] [global] [warning] [resolve_binary.cc:46] is_regular_file check failed for for C:\Users\222417961\AppData\Local\trunk\tools\python\3.10.8-2211cb108575de2785d77a26a1f8d070/bin\python3.exe // 3:The system cannot find the path specified.
[2025-11-10 15:43:34.935] [global] [info] [cache.cc:1117] [monitor] [trufflehog:lint:config\socket.js:HEAD] Linter ran in 1925ms
[2025-11-10 15:43:40.215] [global] [info] [git_source_control.cc:517] Computing merge base between 1093ed5a8e3cfb361709a30fcbc259f822505b5d and 4ec31c918f9be377db5d9f63e3356867d6340745
[2025-11-10 15:43:40.215] [global] [info] [git_source_control.cc:519] Resolved divergent commit as f4cb8fec9afe55adde8ee3d313e091e1f2a445dc
[2025-11-10 15:43:40.350] [global] [info] [cache.cc:974] [monitor] [trufflehog:lint:config\socket.js:HEAD] running linter (cache-key:b97364831d713ca1773f6eb3942298b7)
[2025-11-10 15:43:42.130] [global] [warning] [resolve_binary.cc:46] is_regular_file check failed for for C:\Users\222417961\AppData\Local\trunk\tools\trufflehog\3.90.13-e46740766b963854c2ebadfd212340f3/bin\python3.bat // 3:The system cannot find the path specified.
[2025-11-10 15:43:42.130] [global] [warning] [resolve_binary.cc:46] is_regular_file check failed for for C:\Users\222417961\AppData\Local\trunk\tools\trufflehog\3.90.13-e46740766b963854c2ebadfd212340f3/bin\python3 // 3:The system cannot find the path specified.
[2025-11-10 15:43:42.130] [global] [warning] [resolve_binary.cc:46] is_regular_file check failed for for C:\Users\222417961\AppData\Local\trunk\tools\trufflehog\3.90.13-e46740766b963854c2ebadfd212340f3/bin\python3.exe // 3:The system cannot find the path specified.
[2025-11-10 15:43:42.130] [global] [warning] [resolve_binary.cc:46] is_regular_file check failed for for C:\Users\222417961\AppData\Local\trunk\tools\trufflehog\3.90.13-e46740766b963854c2ebadfd212340f3/Scripts\python3.bat // 3:The system cannot find the path specified.
[2025-11-10 15:43:42.130] [global] [warning] [resolve_binary.cc:46] is_regular_file check failed for for C:\Users\222417961\AppData\Local\trunk\tools\trufflehog\3.90.13-e46740766b963854c2ebadfd212340f3/Scripts\python3 // 3:The system cannot find the path specified.
[2025-11-10 15:43:42.130] [global] [warning] [resolve_binary.cc:46] is_regular_file check failed for for C:\Users\222417961\AppData\Local\trunk\tools\trufflehog\3.90.13-e46740766b963854c2ebadfd212340f3/Scripts\python3.exe // 3:The system cannot find the path specified.
[2025-11-10 15:43:42.130] [global] [warning] [resolve_binary.cc:46] is_regular_file check failed for for C:\Users\222417961\AppData\Local\trunk\tools\python\3.10.8-2211cb108575de2785d77a26a1f8d070/bin\python3.bat // 3:The system cannot find the path specified.
[2025-11-10 15:43:42.131] [global] [warning] [resolve_binary.cc:46] is_regular_file check failed for for C:\Users\222417961\AppData\Local\trunk\tools\python\3.10.8-2211cb108575de2785d77a26a1f8d070/bin\python3 // 3:The system cannot find the path specified.
[2025-11-10 15:43:42.131] [global] [warning] [resolve_binary.cc:46] is_regular_file check failed for for C:\Users\222417961\AppData\Local\trunk\tools\python\3.10.8-2211cb108575de2785d77a26a1f8d070/bin\python3.exe // 3:The system cannot find the path specified.
[2025-11-10 15:43:42.179] [global] [info] [cache.cc:1117] [monitor] [trufflehog:lint:config\socket.js:HEAD] Linter ran in 1827ms
[2025-11-10 15:43:46.672] [global] [info] [git_source_control.cc:517] Computing merge base between 1093ed5a8e3cfb361709a30fcbc259f822505b5d and 4ec31c918f9be377db5d9f63e3356867d6340745
[2025-11-10 15:43:46.672] [global] [info] [git_source_control.cc:519] Resolved divergent commit as f4cb8fec9afe55adde8ee3d313e091e1f2a445dc
[2025-11-10 15:43:46.711] [global] [info] [cache.cc:974] [monitor] [trufflehog:lint:config\socket.js:HEAD] running linter (cache-key:bbcb1da4c8dad2218e1ba15f5b9bc1e2)
[2025-11-10 15:43:48.565] [global] [warning] [resolve_binary.cc:46] is_regular_file check failed for for C:\Users\222417961\AppData\Local\trunk\tools\trufflehog\3.90.13-e46740766b963854c2ebadfd212340f3/bin\python3.bat // 3:The system cannot find the path specified.
[2025-11-10 15:43:48.565] [global] [warning] [resolve_binary.cc:46] is_regular_file check failed for for C:\Users\222417961\AppData\Local\trunk\tools\trufflehog\3.90.13-e46740766b963854c2ebadfd212340f3/bin\python3 // 3:The system cannot find the path specified.
[2025-11-10 15:43:48.565] [global] [warning] [resolve_binary.cc:46] is_regular_file check failed for for C:\Users\222417961\AppData\Local\trunk\tools\trufflehog\3.90.13-e46740766b963854c2ebadfd212340f3/bin\python3.exe // 3:The system cannot find the path specified.
[2025-11-10 15:43:48.565] [global] [warning] [resolve_binary.cc:46] is_regular_file check failed for for C:\Users\222417961\AppData\Local\trunk\tools\trufflehog\3.90.13-e46740766b963854c2ebadfd212340f3/Scripts\python3.bat // 3:The system cannot find the path specified.
[2025-11-10 15:43:48.565] [global] [warning] [resolve_binary.cc:46] is_regular_file check failed for for C:\Users\222417961\AppData\Local\trunk\tools\trufflehog\3.90.13-e46740766b963854c2ebadfd212340f3/Scripts\python3 // 3:The system cannot find the path specified.
[2025-11-10 15:43:48.565] [global] [warning] [resolve_binary.cc:46] is_regular_file check failed for for C:\Users\222417961\AppData\Local\trunk\tools\trufflehog\3.90.13-e46740766b963854c2ebadfd212340f3/Scripts\python3.exe // 3:The system cannot find the path specified.
[2025-11-10 15:43:48.565] [global] [warning] [resolve_binary.cc:46] is_regular_file check failed for for C:\Users\222417961\AppData\Local\trunk\tools\python\3.10.8-2211cb108575de2785d77a26a1f8d070/bin\python3.bat // 3:The system cannot find the path specified.
[2025-11-10 15:43:48.565] [global] [warning] [resolve_binary.cc:46] is_regular_file check failed for for C:\Users\222417961\AppData\Local\trunk\tools\python\3.10.8-2211cb108575de2785d77a26a1f8d070/bin\python3 // 3:The system cannot find the path specified.
[2025-11-10 15:43:48.565] [global] [warning] [resolve_binary.cc:46] is_regular_file check failed for for C:\Users\222417961\AppData\Local\trunk\tools\python\3.10.8-2211cb108575de2785d77a26a1f8d070/bin\python3.exe // 3:The system cannot find the path specified.
[2025-11-10 15:43:48.616] [global] [info] [cache.cc:1117] [monitor] [trufflehog:lint:config\socket.js:HEAD] Linter ran in 1903ms
[2025-11-10 15:44:41.026] [global] [info] [git_source_control.cc:517] Computing merge base between 1093ed5a8e3cfb361709a30fcbc259f822505b5d and 4ec31c918f9be377db5d9f63e3356867d6340745
[2025-11-10 15:44:41.027] [global] [info] [git_source_control.cc:519] Resolved divergent commit as f4cb8fec9afe55adde8ee3d313e091e1f2a445dc
[2025-11-10 15:44:41.059] [global] [info] [cache.cc:974] [monitor] [trufflehog:lint:config\socket.js:HEAD] running linter (cache-key:a074575c0d6f3d8ee99268982a43c988)
[2025-11-10 15:44:42.892] [global] [warning] [resolve_binary.cc:46] is_regular_file check failed for for C:\Users\222417961\AppData\Local\trunk\tools\trufflehog\3.90.13-e46740766b963854c2ebadfd212340f3/bin\python3.bat // 3:The system cannot find the path specified.
[2025-11-10 15:44:42.892] [global] [warning] [resolve_binary.cc:46] is_regular_file check failed for for C:\Users\222417961\AppData\Local\trunk\tools\trufflehog\3.90.13-e46740766b963854c2ebadfd212340f3/bin\python3 // 3:The system cannot find the path specified.
[2025-11-10 15:44:42.892] [global] [warning] [resolve_binary.cc:46] is_regular_file check failed for for C:\Users\222417961\AppData\Local\trunk\tools\trufflehog\3.90.13-e46740766b963854c2ebadfd212340f3/bin\python3.exe // 3:The system cannot find the path specified.
[2025-11-10 15:44:42.892] [global] [warning] [resolve_binary.cc:46] is_regular_file check failed for for C:\Users\222417961\AppData\Local\trunk\tools\trufflehog\3.90.13-e46740766b963854c2ebadfd212340f3/Scripts\python3.bat // 3:The system cannot find the path specified.
[2025-11-10 15:44:42.892] [global] [warning] [resolve_binary.cc:46] is_regular_file check failed for for C:\Users\222417961\AppData\Local\trunk\tools\trufflehog\3.90.13-e46740766b963854c2ebadfd212340f3/Scripts\python3 // 3:The system cannot find the path specified.
[2025-11-10 15:44:42.892] [global] [warning] [resolve_binary.cc:46] is_regular_file check failed for for C:\Users\222417961\AppData\Local\trunk\tools\trufflehog\3.90.13-e46740766b963854c2ebadfd212340f3/Scripts\python3.exe // 3:The system cannot find the path specified.
[2025-11-10 15:44:42.892] [global] [warning] [resolve_binary.cc:46] is_regular_file check failed for for C:\Users\222417961\AppData\Local\trunk\tools\python\3.10.8-2211cb108575de2785d77a26a1f8d070/bin\python3.bat // 3:The system cannot find the path specified.
[2025-11-10 15:44:42.892] [global] [warning] [resolve_binary.cc:46] is_regular_file check failed for for C:\Users\222417961\AppData\Local\trunk\tools\python\3.10.8-2211cb108575de2785d77a26a1f8d070/bin\python3 // 3:The system cannot find the path specified.
[2025-11-10 15:44:42.892] [global] [warning] [resolve_binary.cc:46] is_regular_file check failed for for C:\Users\222417961\AppData\Local\trunk\tools\python\3.10.8-2211cb108575de2785d77a26a1f8d070/bin\python3.exe // 3:The system cannot find the path specified.
[2025-11-10 15:44:42.940] [global] [info] [cache.cc:1117] [monitor] [trufflehog:lint:config\socket.js:HEAD] Linter ran in 1880ms
[2025-11-10 15:44:51.374] [global] [info] [git_source_control.cc:517] Computing merge base between 1093ed5a8e3cfb361709a30fcbc259f822505b5d and 4ec31c918f9be377db5d9f63e3356867d6340745
[2025-11-10 15:44:51.374] [global] [info] [git_source_control.cc:519] Resolved divergent commit as f4cb8fec9afe55adde8ee3d313e091e1f2a445dc
[2025-11-10 15:44:51.422] [global] [info] [cache.cc:974] [monitor] [trufflehog:lint:config\socket.js:HEAD] running linter (cache-key:d32199486b0d89f1bd5e5ffce43955ae)
[2025-11-10 15:44:53.388] [global] [warning] [resolve_binary.cc:46] is_regular_file check failed for for C:\Users\222417961\AppData\Local\trunk\tools\trufflehog\3.90.13-e46740766b963854c2ebadfd212340f3/bin\python3.bat // 3:The system cannot find the path specified.
[2025-11-10 15:44:53.388] [global] [warning] [resolve_binary.cc:46] is_regular_file check failed for for C:\Users\222417961\AppData\Local\trunk\tools\trufflehog\3.90.13-e46740766b963854c2ebadfd212340f3/bin\python3 // 3:The system cannot find the path specified.
[2025-11-10 15:44:53.388] [global] [warning] [resolve_binary.cc:46] is_regular_file check failed for for C:\Users\222417961\AppData\Local\trunk\tools\trufflehog\3.90.13-e46740766b963854c2ebadfd212340f3/bin\python3.exe // 3:The system cannot find the path specified.
[2025-11-10 15:44:53.388] [global] [warning] [resolve_binary.cc:46] is_regular_file check failed for for C:\Users\222417961\AppData\Local\trunk\tools\trufflehog\3.90.13-e46740766b963854c2ebadfd212340f3/Scripts\python3.bat // 3:The system cannot find the path specified.
[2025-11-10 15:44:53.388] [global] [warning] [resolve_binary.cc:46] is_regular_file check failed for for C:\Users\222417961\AppData\Local\trunk\tools\trufflehog\3.90.13-e46740766b963854c2ebadfd212340f3/Scripts\python3 // 3:The system cannot find the path specified.
[2025-11-10 15:44:53.388] [global] [warning] [resolve_binary.cc:46] is_regular_file check failed for for C:\Users\222417961\AppData\Local\trunk\tools\trufflehog\3.90.13-e46740766b963854c2ebadfd212340f3/Scripts\python3.exe // 3:The system cannot find the path specified.
[2025-11-10 15:44:53.388] [global] [warning] [resolve_binary.cc:46] is_regular_file check failed for for C:\Users\222417961\AppData\Local\trunk\tools\python\3.10.8-2211cb108575de2785d77a26a1f8d070/bin\python3.bat // 3:The system cannot find the path specified.
[2025-11-10 15:44:53.388] [global] [warning] [resolve_binary.cc:46] is_regular_file check failed for for C:\Users\222417961\AppData\Local\trunk\tools\python\3.10.8-2211cb108575de2785d77a26a1f8d070/bin\python3 // 3:The system cannot find the path specified.
[2025-11-10 15:44:53.388] [global] [warning] [resolve_binary.cc:46] is_regular_file check failed for for C:\Users\222417961\AppData\Local\trunk\tools\python\3.10.8-2211cb108575de2785d77a26a1f8d070/bin\python3.exe // 3:The system cannot find the path specified.
[2025-11-10 15:44:53.436] [global] [info] [cache.cc:1117] [monitor] [trufflehog:lint:config\socket.js:HEAD] Linter ran in 2012ms
[2025-11-10 15:45:00.643] [global] [info] [git_source_control.cc:517] Computing merge base between 1093ed5a8e3cfb361709a30fcbc259f822505b5d and 4ec31c918f9be377db5d9f63e3356867d6340745
[2025-11-10 15:45:00.644] [global] [info] [git_source_control.cc:519] Resolved divergent commit as f4cb8fec9afe55adde8ee3d313e091e1f2a445dc
[2025-11-10 15:45:00.700] [global] [info] [cache.cc:974] [monitor] [trufflehog:lint:config\socket.js:HEAD] running linter (cache-key:7d3d804c9c7cb96ee36d70da976e6f08)
[2025-11-10 15:45:02.441] [global] [warning] [resolve_binary.cc:46] is_regular_file check failed for for C:\Users\222417961\AppData\Local\trunk\tools\trufflehog\3.90.13-e46740766b963854c2ebadfd212340f3/bin\python3.bat // 3:The system cannot find the path specified.
[2025-11-10 15:45:02.441] [global] [warning] [resolve_binary.cc:46] is_regular_file check failed for for C:\Users\222417961\AppData\Local\trunk\tools\trufflehog\3.90.13-e46740766b963854c2ebadfd212340f3/bin\python3 // 3:The system cannot find the path specified.
[2025-11-10 15:45:02.441] [global] [warning] [resolve_binary.cc:46] is_regular_file check failed for for C:\Users\222417961\AppData\Local\trunk\tools\trufflehog\3.90.13-e46740766b963854c2ebadfd212340f3/bin\python3.exe // 3:The system cannot find the path specified.
[2025-11-10 15:45:02.441] [global] [warning] [resolve_binary.cc:46] is_regular_file check failed for for C:\Users\222417961\AppData\Local\trunk\tools\trufflehog\3.90.13-e46740766b963854c2ebadfd212340f3/Scripts\python3.bat // 3:The system cannot find the path specified.
[2025-11-10 15:45:02.441] [global] [warning] [resolve_binary.cc:46] is_regular_file check failed for for C:\Users\222417961\AppData\Local\trunk\tools\trufflehog\3.90.13-e46740766b963854c2ebadfd212340f3/Scripts\python3 // 3:The system cannot find the path specified.
[2025-11-10 15:45:02.441] [global] [warning] [resolve_binary.cc:46] is_regular_file check failed for for C:\Users\222417961\AppData\Local\trunk\tools\trufflehog\3.90.13-e46740766b963854c2ebadfd212340f3/Scripts\python3.exe // 3:The system cannot find the path specified.
